SiteName,DateOfDataEntry,LotNumber,PlottedFindNumber,RawMaterial,SievedPlotted,LithicArtifactClass,CortexPercentage,Mass,MaxLength,MaxWidth,MaxThickness,cortex_mp,Notes,Layer,Age
HOR-1,24/11/22,1783,77191,CrystalQuartz,plottedfind,CompFlake,0,1.57,21.01,10.42,8.07,0,,"~16,000-20,000",TerminalLGM
HOR-1,24/11/22,1783,77117,CrystalQuartz,plottedfind,CompFlake,0.95,1.83,12.04,9.14,11.71,0.95,,"~16,000-20,000",TerminalLGM
HOR-1,24/11/22,1783,77126,CrystalQuartz,plottedfind,CompFlake,0,1.21,17.28,15.69,6.82,0,,"~16,000-20,000",TerminalLGM
HOR-1,24/11/22,1783,77124,CrystalQuartz,plottedfind,CompFlake,0,1.48,17.83,10.47,6.77,0,,"~16,000-20,000",TerminalLGM
HOR-1,24/11/22,1783,77114,CrystalQuartz,plottedfind,CompFlake,0,0.73,11.78,12.98,4.71,0,,"~16,000-20,000",TerminalLGM
HOR-1,24/11/22,1783,77118,CrystalQuartz,plottedfind,CompFlake,0.5,4.16,22.34,14.59,9.31,0.5,,"~16,000-20,000",TerminalLGM
HOR-1,24/11/22,1783,77185,CrystalQuartz,plottedfind,CompFlake,0.25,0.94,12.52,8.67,5.81,0.25,possible red residue on dorsal face,"~16,000-20,000",TerminalLGM
HOR-1,24/11/22,1783,77181,CrystalQuartz,plottedfind,CompFlake,0.25,0.87,17.88,9.37,4.84,0.25,,"~16,000-20,000",TerminalLGM
HOR-1,24/11/22,1783,77184,CrystalQuartz,plottedfind,CompFlake,0,1.48,18.52,9.57,7.3,0,,"~16,000-20,000",TerminalLGM
HOR-1,24/11/22,1783,77123,CrystalQuartz,plottedfind,CompFlake,0.25,1.12,15.58,12.3,6.65,0.25,,"~16,000-20,000",TerminalLGM
HOR-1,24/11/22,1783,77189,CrystalQuartz,plottedfind,CompFlake,0.5,0.48,14.7,6.98,4.64,0.5,,"~16,000-20,000",TerminalLGM
HOR-1,24/11/22,1783,77182,CrystalQuartz,plottedfind,CompFlake,0.25,0.81,17.6,10.06,5.32,0.25,,"~16,000-20,000",TerminalLGM
HOR-1,24/11/22,1783,77127,CrystalQuartz,plottedfind,CompFlake,0,1.51,14.46,11.91,8.75,0,,"~16,000-20,000",TerminalLGM
HOR-1,24/11/22,1783,77119,CrystalQuartz,plottedfind,CompFlake,0.25,2.13,14.8,14.1,9.03,0.25,,"~16,000-20,000",TerminalLGM
HOR-1,24/11/22,1783,77190,CrystalQuartz,plottedfind,CompFlake,0,1.21,19.03,10.66,6.7,0,,"~16,000-20,000",TerminalLGM
HOR-1,24/11/22,1783,77187,CrystalQuartz,plottedfind,CompFlake,0.25,1.32,12.73,11.76,8.69,0.25,,"~16,000-20,000",TerminalLGM
HOR-1,24/11/22,1783,77132,CrystalQuartz,plottedfind,CompFlake,0,0.97,17.41,8.72,6.41,0,,"~16,000-20,000",TerminalLGM
HOR-1,24/11/22,1783,77125,CrystalQuartz,plottedfind,CompFlake,0,0.31,11.6,10.2,2.4,0,,"~16,000-20,000",TerminalLGM
HOR-1,24/11/22,1783,77116,CrystalQuartz,plottedfind,CompFlake,0,1.31,15.69,8.92,7.93,0,,"~16,000-20,000",TerminalLGM
HOR-1,24/11/22,1735,67384,CrystalQuartz,plottedfind,CompFlake,0.05,0.69,14.57,12.78,3.33,0.05,,"~14,000-17,000",TerminalLGM
HOR-1,24/11/22,1735,67385,CrystalQuartz,plottedfind,CompFlake,0.05,0.5,11.93,14.62,2.82,0.05,,"~14,000-17,000",TerminalLGM
HOR-1,24/11/22,1735,67396,CrystalQuartz,plottedfind,CompFlake,0.05,0.62,18.23,9.15,4.55,0.05,,"~14,000-17,000",TerminalLGM
HOR-1,24/11/22,1735,67391,CrystalQuartz,plottedfind,CompFlake,0,1.61,14.3,13.4,9.39,0,,"~14,000-17,000",TerminalLGM
HOR-1,24/11/22,1735,67389,CrystalQuartz,plottedfind,CompFlake,0,0.35,14.39,10.75,2.9,0,,"~14,000-17,000",TerminalLGM
HOR-1,24/11/22,1735,67398,CrystalQuartz,plottedfind,CompFlake,0,0.31,20.46,6.01,4.02,0,,"~14,000-17,000",TerminalLGM
HOR-1,24/11/22,1735,67394,CrystalQuartz,plottedfind,CompFlake,0,0.59,14.86,7.21,3.96,0,,"~14,000-17,000",TerminalLGM
HOR-1,24/11/22,1844,94112,CrystalQuartz,plottedfind,CompFlake,0.25,2.74,20.59,17.4,7.1,0.25,,"~17,000-18,000 CalBP",TerminalLGM
HOR-1,24/11/22,1844,94110,CrystalQuartz,plottedfind,CompFlake,0.25,0.9,16.32,6.3,10.56,0.25,,"~17,000-18,000 CalBP",TerminalLGM
HOR-1,24/11/22,1844,95147,CrystalQuartz,plottedfind,CompFlake,0.25,0.82,15.63,9.68,5.72,0.25,,"~17,000-18,000 CalBP",TerminalLGM
HOR-1,24/11/22,1844,95150,CrystalQuartz,plottedfind,CompFlake,0,0.17,11.88,3.11,4,0,,"~17,000-18,000 CalBP",TerminalLGM
HOR-1,24/11/22,1844,95149,CrystalQuartz,plottedfind,CompFlake,0,0.46,11.03,10.39,3.53,0,,"~17,000-18,000 CalBP",TerminalLGM
HOR-1,24/11/22,1752,69286,CrystalQuartz,plottedfind,CompFlake,0,1.63,24.61,13.75,5.2,0,,"~14,000-18,000",TerminalLGM
HOR-1,24/11/22,1752,69304,CrystalQuartz,plottedfind,CompFlake,0,0.78,18.97,10.93,3.33,0,,"~14,000-18,000",TerminalLGM
HOR-1,24/11/22,1752,68971,CrystalQuartz,plottedfind,CompFlake,0.5,4.61,27.86,21.19,8.45,0.5,,"~14,000-18,000",TerminalLGM
HOR-1,24/11/22,1752,72060,CrystalQuartz,plottedfind,CompFlake,0,1.13,12.3,18.88,6.38,0,,"~14,000-18,000",TerminalLGM
HOR-1,24/11/22,1752,69300,CrystalQuartz,plottedfind,CompFlake,0.25,0.89,13.71,10.61,6.75,0.25,,"~14,000-18,000",TerminalLGM
HOR-1,24/11/22,1752,69292,CrystalQuartz,plottedfind,CompFlake,0,1.41,18.85,10.72,5.52,0,,"~14,000-18,000",TerminalLGM
HOR-1,24/11/22,1752,70041,CrystalQuartz,plottedfind,CompFlake,0.75,1.05,16.99,18.14,4.62,0.75,,"~14,000-18,000",TerminalLGM
HOR-1,24/11/22,1752,64283,CrystalQuartz,plottedfind,CompFlake,0.25,2.34,21.96,13.23,9.11,0.25,,"~14,000-18,000",TerminalLGM
HOR-1,24/11/22,1752,72054,CrystalQuartz,plottedfind,CompFlake,0,2.76,24.28,13.33,8.3,0,,"~14,000-18,000",TerminalLGM
HOR-1,24/11/22,1752,69281,CrystalQuartz,plottedfind,CompFlake,0,1.72,20.56,13.21,6.97,0,,"~14,000-18,000",TerminalLGM
HOR-1,24/11/22,1752,69285,CrystalQuartz,plottedfind,CompFlake,0,1.42,20.11,13.61,5.15,0,,"~14,000-18,000",TerminalLGM
HOR-1,24/11/22,1752,69306,CrystalQuartz,plottedfind,CompFlake,0,1.83,37.7,8.71,9.31,0,,"~14,000-18,000",TerminalLGM
HOR-1,24/11/22,1752,69299,CrystalQuartz,plottedfind,CompFlake,0.05,0.64,14.85,17.34,2.94,0.05,,"~14,000-18,000",TerminalLGM
HOR-1,24/11/22,1752,70042,CrystalQuartz,plottedfind,CompFlake,0.5,2.18,16.25,15.7,9.49,0.5,,"~14,000-18,000",TerminalLGM
HOR-1,24/11/22,1752,70047,CrystalQuartz,plottedfind,CompFlake,0,1.48,12.1,15.19,9.37,0,,"~14,000-18,000",TerminalLGM
HOR-1,24/11/22,1752,70001,CrystalQuartz,plottedfind,CompFlake,0.05,2.18,20.1,13.33,7.57,0.05,,"~14,000-18,000",TerminalLGM
HOR-1,24/11/22,1752,72069,CrystalQuartz,plottedfind,CompFlake,0.25,2.98,31.37,25.28,6.47,0.25,,"~14,000-18,000",TerminalLGM
HOR-1,24/11/22,1752,69291,CrystalQuartz,plottedfind,CompFlake,0,5.16,29.94,21.03,8.24,0,,"~14,000-18,000",TerminalLGM
HOR-1,24/11/22,1752,68960,CrystalQuartz,plottedfind,CompFlake,0,2.24,21.57,25.35,6.27,0,,"~14,000-18,000",TerminalLGM
HOR-1,24/11/22,1752,70004,CrystalQuartz,plottedfind,CompFlake,0.5,1.83,19.44,13.58,6.07,0.5,,"~14,000-18,000",TerminalLGM
HOR-1,24/11/22,1752,68969,CrystalQuartz,plottedfind,CompFlake,0.75,0.32,10.04,14.73,2.8,0.75,,"~14,000-18,000",TerminalLGM
HOR-1,24/11/22,1752,70032,CrystalQuartz,plottedfind,CompFlake,0,0.24,10.28,9.85,2.77,0,,"~14,000-18,000",TerminalLGM
HOR-1,24/11/22,1752,72052,CrystalQuartz,plottedfind,CompFlake,0,0.59,9.58,12.24,4.46,0,,"~14,000-18,000",TerminalLGM
HOR-1,24/11/22,1752,70043,CrystalQuartz,plottedfind,CompFlake,0,0.46,7.36,14.18,5.43,0,,"~14,000-18,000",TerminalLGM
HOR-1,24/11/22,1752,69280,CrystalQuartz,plottedfind,CompFlake,0,9.79,29.05,26.78,14.13,0,,"~14,000-18,000",TerminalLGM
HOR-1,9/1/2023,927,31308,CrystalQuartz,plottedfind,CompFlake,0.25,4.68,21.8,17.04,10.99,0.25,,"~14,000-17,000",TerminalLGM
HOR-1,9/1/2023,927,31313,CrystalQuartz,plottedfind,CompFlake,0.25,2.47,23.76,10.35,7.89,0.25,,"~14,000-17,000",TerminalLGM
HOR-1,9/1/2023,927,31314,CrystalQuartz,plottedfind,CompFlake,0,0.47,14.46,10.08,3.08,0,,"~14,000-17,000",TerminalLGM
HOR-1,9/1/2023,927,31317,CrystalQuartz,plottedfind,CompFlake,0,1.46,17.78,13.93,7.09,0,,"~14,000-17,000",TerminalLGM
HOR-1,9/1/2023,927,31318,CrystalQuartz,plottedfind,CompFlake,0.25,1.13,19.14,23.23,3.9,0.25,,"~14,000-17,000",TerminalLGM
HOR-1,9/1/2023,927,31319,CrystalQuartz,plottedfind,CompFlake,0,1.33,15.39,17.1,5.07,0,,"~14,000-17,000",TerminalLGM
HOR-1,9/1/2023,927,31320,CrystalQuartz,plottedfind,CompFlake,0,1.58,17.99,12.06,6.65,0,,"~14,000-17,000",TerminalLGM
HOR-1,6/1/2023,1067,31327,CrystalQuartz,plottedfind,CompFlake,0.5,3.26,27.61,18.19,6.57,0.5,,"~14,000-17,000",TerminalLGM
HOR-1,9/1/2023,1067,31330,CrystalQuartz,plottedfind,CompFlake,1,0.76,20.93,11.09,3.92,1,,"~14,000-17,000",TerminalLGM
HOR-1,6/1/2023,1067,31341,CrystalQuartz,plottedfind,CompFlake,0,1.85,14.75,23.8,5.29,0,,"~14,000-17,000",TerminalLGM
HOR-1,6/1/2023,1067,31342,CrystalQuartz,plottedfind,Utilized,0,3.39,17.64,24.54,7.48,0,,"~14,000-17,000",TerminalLGM
HOR-1,6/1/2023,1067,31344,CrystalQuartz,plottedfind,CompFlake,0.5,1.45,18.52,14.69,5.4,0.5,,"~14,000-17,000",TerminalLGM
HOR-1,9/1/2023,927,31348,CrystalQuartz,plottedfind,CompFlake,0,2.67,10.98,32.34,6.49,0,,"~14,000-17,000",TerminalLGM
HOR-1,9/1/2023,927,31349,CrystalQuartz,plottedfind,CompFlake,0,0.61,17.26,9.25,3.86,0,,"~14,000-17,000",TerminalLGM
HOR-1,9/1/2023,927,31351,CrystalQuartz,plottedfind,CompFlake,0,2.2,25.47,13.87,7.11,0,,"~14,000-17,000",TerminalLGM
HOR-1,9/1/2023,927,31353,CrystalQuartz,plottedfind,CompFlake,0,0.63,14.45,18.46,3.19,0,,"~14,000-17,000",TerminalLGM
HOR-1,9/1/2023,927,31356,CrystalQuartz,plottedfind,CompFlake,0.5,2.3,24.62,16.73,5.42,0.5,twisting flake profile,"~14,000-17,000",TerminalLGM
HOR-1,9/1/2023,927,31357,CrystalQuartz,plottedfind,CompFlake,0.05,1.6,21.42,13.95,6.08,0.05,,"~14,000-17,000",TerminalLGM
HOR-1,9/1/2023,927,31377,CrystalQuartz,plottedfind,CompFlake,0,1.37,19.53,12.24,4.55,0,,"~14,000-17,000",TerminalLGM
HOR-1,9/1/2023,927,31380,CrystalQuartz,plottedfind,CompFlake,0.25,0.68,17.92,11.64,3.38,0.25,,"~14,000-17,000",TerminalLGM
HOR-1,6/1/2023,1067,31399,CrystalQuartz,plottedfind,CompFlake,0,3.05,30.28,11.73,10.63,0,,"~14,000-17,000",TerminalLGM
HOR-1,6/1/2023,1067,31401,CrystalQuartz,plottedfind,CompFlake,0.25,3.07,27.88,17.3,7.56,0.25,,"~14,000-17,000",TerminalLGM
HOR-1,6/1/2023,1067,31403,CrystalQuartz,plottedfind,CompFlake,0.25,3.07,20.65,19.85,6.57,0.25,,"~14,000-17,000",TerminalLGM
HOR-1,9/1/2023,927,31417,CrystalQuartz,plottedfind,CompFlake,0.25,0.64,14.94,11.44,3.54,0.25,,"~14,000-17,000",TerminalLGM
HOR-1,9/1/2023,927,31419,CrystalQuartz,plottedfind,CompFlake,0,2.46,18.19,22.83,6.78,0,,"~14,000-17,000",TerminalLGM
HOR-1,9/1/2023,927,32041,CrystalQuartz,plottedfind,CompFlake,0.25,1.98,16.53,16.88,8.22,0.25,,"~14,000-17,000",TerminalLGM
HOR-1,9/1/2023,927,32042,CrystalQuartz,plottedfind,CompFlake,0,1.3,19.07,11.34,4.77,0,,"~14,000-17,000",TerminalLGM
HOR-1,9/1/2023,927,32044,CrystalQuartz,plottedfind,CompFlake,0,1.95,19.78,14.7,7.57,0,,"~14,000-17,000",TerminalLGM
HOR-1,9/1/2023,927,32045,CrystalQuartz,plottedfind,CompFlake,0,2.51,26.01,15.15,7.6,0,,"~14,000-17,000",TerminalLGM
HOR-1,9/1/2023,927,32047,CrystalQuartz,plottedfind,CompFlake,0.25,1.86,16.72,20.97,5.82,0.25,,"~14,000-17,000",TerminalLGM
HOR-1,6/1/2023,1755,72010,CrystalQuartz,plottedfind,CompFlake,0,0.86,20.84,8.61,5.26,0,,"~14,000-18,000",TerminalLGM
HOR-1,6/1/2023,1755,72012,CrystalQuartz,plottedfind,CompFlake,0,0.97,10.41,14.33,5.54,0,,"~14,000-18,000",TerminalLGM
HOR-1,14/12/22,1755,72019,CrystalQuartz,plottedfind,CompFlake,0,1.47,23.17,13.87,4.41,0,,"~14,000-18,000",TerminalLGM
HOR-1,14/12/22,1755,72020,CrystalQuartz,plottedfind,CompFlake,0.25,1.31,11.7,12.85,6.02,0.25,,"~14,000-18,000",TerminalLGM
HOR-1,14/12/22,1755,72030,CrystalQuartz,plottedfind,CompFlake,0.25,3.38,22.08,14.68,9.48,0.25,,"~14,000-18,000",TerminalLGM
HOR-1,6/1/2023,1755,72032,CrystalQuartz,plottedfind,CompFlake,0.5,0.53,11.83,12.6,4.41,0.5,,"~14,000-18,000",TerminalLGM
HOR-1,6/1/2023,1755,72035,CrystalQuartz,plottedfind,CompFlake,0,0.41,11.64,9.32,3.66,0,,"~14,000-18,000",TerminalLGM
HOR-1,6/1/2023,1755,72036,CrystalQuartz,plottedfind,CompFlake,0,0.72,12.71,16.73,3.15,0,,"~14,000-18,000",TerminalLGM
HOR-1,14/12/22,1755,72037,CrystalQuartz,plottedfind,CompFlake,0.25,4.94,20.47,22.77,12.9,0.25,,"~14,000-18,000",TerminalLGM
HOR-1,6/1/2023,1755,72038,CrystalQuartz,plottedfind,CompFlake,0,0.23,11.46,9.59,2.26,0,,"~14,000-18,000",TerminalLGM
HOR-1,6/1/2023,1755,72040,CrystalQuartz,plottedfind,CompFlake,0.75,0.88,17.38,11.32,3.78,0.75,,"~14,000-18,000",TerminalLGM
HOR-1,6/1/2023,1755,72044,CrystalQuartz,plottedfind,CompFlake,0,0.41,16.33,8.22,3.65,0,,"~14,000-18,000",TerminalLGM
HOR-1,6/1/2023,1755,72515,CrystalQuartz,plottedfind,CompFlake,0,1.03,20.05,11.02,5.37,0,,"~14,000-18,000",TerminalLGM
HOR-1,14/12/22,1755,72532,CrystalQuartz,plottedfind,CompFlake,0.75,0.78,18.99,10.44,5.04,0.75,,"~14,000-18,000",TerminalLGM
HOR-1,6/1/2023,1755,72533,CrystalQuartz,plottedfind,CompFlake,0,0.8,11.27,10.75,6.62,0,,"~14,000-18,000",TerminalLGM
HOR-1,14/12/22,1755,72537,CrystalQuartz,plottedfind,CompFlake,0,2.69,23.39,20.92,4.85,0,,"~14,000-18,000",TerminalLGM
HOR-1,6/1/2023,1755,72541,CrystalQuartz,plottedfind,CompFlake,0,0.68,11.08,12.03,6.98,0,,"~14,000-18,000",TerminalLGM
HOR-1,6/1/2023,1755,72543,CrystalQuartz,plottedfind,CompFlake,0,0.5,15.33,11.16,3.28,0,,"~14,000-18,000",TerminalLGM
HOR-1,6/1/2023,1755,72544,CrystalQuartz,plottedfind,CompFlake,0,0.69,14.53,13.24,6.78,0,,"~14,000-18,000",TerminalLGM
HOR-1,6/1/2023,1755,72555,CrystalQuartz,plottedfind,CompFlake,0,0.27,13.82,9.9,2.37,0,,"~14,000-18,000",TerminalLGM
HOR-1,14/12/22,1755,72557,CrystalQuartz,plottedfind,CompFlake,0.5,2.42,14.97,15.45,8.94,0.5,,"~14,000-18,000",TerminalLGM
HOR-1,6/1/2023,1755,72568,CrystalQuartz,plottedfind,CompFlake,0,1.36,23.86,10.66,5.35,0,,"~14,000-18,000",TerminalLGM
HOR-1,6/1/2023,1755,72569,CrystalQuartz,plottedfind,CompFlake,0,0.32,16.99,6.07,4.63,0,,"~14,000-18,000",TerminalLGM
HOR-1,6/1/2023,1755,72574,CrystalQuartz,plottedfind,CompFlake,0.25,0.8,11.53,12.57,5.95,0.25,,"~14,000-18,000",TerminalLGM
HOR-1,14/12/22,1755,72579,CrystalQuartz,plottedfind,CompFlake,0,0.96,11.33,16.79,6.64,0,,"~14,000-18,000",TerminalLGM
HOR-1,14/12/22,1755,72581,CrystalQuartz,plottedfind,CompFlake,0.05,2.32,15.78,11.51,9.91,0.05,,"~14,000-18,000",TerminalLGM
HOR-1,14/12/22,1755,72582,CrystalQuartz,plottedfind,CompFlake,0,11.1,32.74,26.79,12.48,0,,"~14,000-18,000",TerminalLGM
HOR-1,6/1/2023,1755,72590,CrystalQuartz,plottedfind,CompFlake,0,0.68,17.05,9.23,5.15,0,,"~14,000-18,000",TerminalLGM
HOR-1,14/12/22,1755,72593,CrystalQuartz,plottedfind,CompFlake,0.25,0.91,19.92,8.46,5.91,0.25,,"~14,000-18,000",TerminalLGM
HOR-1,6/1/2023,1755,72597,CrystalQuartz,plottedfind,CompFlake,0,0.19,13.63,7.54,2.32,0,,"~14,000-18,000",TerminalLGM
HOR-1,21/01/23,1763,72820,CrystalQuartz,plottedfind,CompFlake,0,4.4,22.09,29.61,8.32,0,,"~14,000-18,000",TerminalLGM
HOR-1,21/01/23,1763,72832,CrystalQuartz,plottedfind,CompFlake,0.25,0.62,14.99,8.41,5.92,0.25,,"~14,000-18,000",TerminalLGM
HOR-1,21/01/23,1763,72838,CrystalQuartz,plottedfind,CompFlake,0.5,1.69,22.29,12.98,6.89,0.5,,"~14,000-18,000",TerminalLGM
HOR-1,21/01/23,1763,72839,CrystalQuartz,plottedfind,CompFlake,0.25,3.96,22.75,15.96,11.71,0.25,,"~14,000-18,000",TerminalLGM
HOR-1,19/01/23,1763,72840,CrystalQuartz,plottedfind,CompFlake,0.75,1.02,15.26,19.44,5.18,0.75,,"~14,000-18,000",TerminalLGM
HOR-1,21/01/23,1763,73429,CrystalQuartz,plottedfind,CompFlake,0.95,1.7,23.29,16.66,7.47,0.95,,"~14,000-18,000",TerminalLGM
HOR-1,21/01/23,1763,73434,CrystalQuartz,plottedfind,CompFlake,0,0.79,13.35,10.98,5.83,0,,"~14,000-18,000",TerminalLGM
HOR-1,21/01/23,1763,73436,CrystalQuartz,plottedfind,CompFlake,0,0.55,10.44,13.04,5.81,0,,"~14,000-18,000",TerminalLGM
HOR-1,21/01/23,1763,73459,CrystalQuartz,plottedfind,CompFlake,0,0.17,10.21,7.56,3.63,0,,"~14,000-18,000",TerminalLGM
HOR-1,22/01/23,1763,73460,CrystalQuartz,plottedfind,RetouchedPiece,0,0.66,13,9.29,5.14,0,,"~14,000-18,000",TerminalLGM
HOR-1,22/01/23,1763,73463,CrystalQuartz,plottedfind,RetouchedPiece,0,3.75,20.5,16.69,12.38,0,width incomplete (snapped lateral margins),"~14,000-18,000",TerminalLGM
HOR-1,19/01/23,1763,73799,CrystalQuartz,plottedfind,CompFlake,0,1.09,20.51,13.09,3.81,0,,"~14,000-18,000",TerminalLGM
HOR-1,19/01/23,1763,73800,CrystalQuartz,plottedfind,CompFlake,0,19.41,44.38,32.4,11.61,0,,"~14,000-18,000",TerminalLGM
HOR-1,21/01/23,1763,73802,CrystalQuartz,plottedfind,CompFlake,0,0.79,15.29,10.97,4.31,0,,"~14,000-18,000",TerminalLGM
HOR-1,21/01/23,1763,73803,CrystalQuartz,plottedfind,CompFlake,0.25,2.66,16.21,12.38,11.32,0.25,,"~14,000-18,000",TerminalLGM
HOR-1,21/01/23,1763,73805,CrystalQuartz,plottedfind,CompFlake,0.75,0.63,17.13,9.71,4.08,0.75,,"~14,000-18,000",TerminalLGM
HOR-1,22/01/23,1763,73808,CrystalQuartz,plottedfind,RetouchedPiece,0,0.78,11.02,12.78,4.61,0,,"~14,000-18,000",TerminalLGM
HOR-1,21/01/23,1763,73809,CrystalQuartz,plottedfind,CompFlake,0,0.89,13.76,10.06,5.75,0,,"~14,000-18,000",TerminalLGM
HOR-1,23/01/23,1045,29310,CrystalQuartz,plottedfind,CompFlake,0.5,2.8,22.76,18.51,8.43,0.5,,"~14,000-17,000",TerminalLGM
HOR-1,23/01/23,1045,30592,CrystalQuartz,plottedfind,CompFlake,0,1.85,14.31,15.5,8.06,0,,"~14,000-17,000",TerminalLGM
HOR-1,11/1/2023,1062,30648,CrystalQuartz,plottedfind,CompFlake,0,3.33,20.57,27.72,6.32,0,,"~14,000-17,000",TerminalLGM
HOR-1,16/01/23,1056,30655,CrystalQuartz,plottedfind,CompFlake,0,2.68,30.37,20.78,6.39,0,,"~14,000-17,000",TerminalLGM
HOR-1,16/01/23,1056,30657,CrystalQuartz,plottedfind,CompFlake,0,3.05,12.81,21.49,14.17,0,,"~14,000-17,000",TerminalLGM
HOR-1,16/01/23,1056,30658,CrystalQuartz,plottedfind,CompFlake,0,1.23,16.49,10.38,5.73,0,,"~14,000-17,000",TerminalLGM
HOR-1,16/01/23,1056,30660,CrystalQuartz,plottedfind,CompFlake,0,1.17,15.89,14.74,3.99,0,,"~14,000-17,000",TerminalLGM
HOR-1,11/1/2023,1062,30664,CrystalQuartz,plottedfind,CompFlake,0,3.29,25.96,15.39,9.34,0,,"~14,000-17,000",TerminalLGM
HOR-1,13/01/23,1060,30669,CrystalQuartz,plottedfind,RetouchedPiece,0.75,3.79,21.51,31.39,5.72,0.75,,"~14,000-17,000",TerminalLGM
HOR-1,13/01/23,1060,30671,CrystalQuartz,plottedfind,CompFlake,0.05,0.75,14.99,10.82,4.52,0.05,,"~14,000-17,000",TerminalLGM
HOR-1,13/01/23,1060,30680,CrystalQuartz,plottedfind,CompFlake,0.5,2.7,20.57,12.45,11.09,0.5,,"~14,000-17,000",TerminalLGM
HOR-1,13/01/23,1060,30681,CrystalQuartz,plottedfind,CompFlake,0,2.09,13.26,20.82,8.96,0,,"~14,000-17,000",TerminalLGM
HOR-1,13/01/23,1060,30682,CrystalQuartz,plottedfind,CompFlake,0.25,2.9,15.36,17.47,10.4,0.25,,"~14,000-17,000",TerminalLGM
HOR-1,13/01/23,1060,30685,CrystalQuartz,plottedfind,CompFlake,0,0.96,13.96,10.33,8.31,0,,"~14,000-17,000",TerminalLGM
HOR-1,16/01/23,1056,30698,CrystalQuartz,plottedfind,CompFlake,0.25,2.6,16.86,19.84,9.22,0.25,,"~14,000-17,000",TerminalLGM
HOR-1,16/01/23,1056,30700,CrystalQuartz,plottedfind,CompFlake,0,1.37,17.98,13.36,6.68,0,,"~14,000-17,000",TerminalLGM
HOR-1,16/01/23,1056,30704,CrystalQuartz,plottedfind,CompFlake,0,4.44,20.87,28.68,7.95,0,,"~14,000-17,000",TerminalLGM
HOR-1,16/01/23,1056,30705,CrystalQuartz,plottedfind,CompFlake,0.25,2.06,19.08,16.13,7.43,0.25,,"~14,000-17,000",TerminalLGM
HOR-1,16/01/23,1056,30706,CrystalQuartz,plottedfind,CompFlake,0.25,1.33,18.29,13.17,6.07,0.25,,"~14,000-17,000",TerminalLGM
HOR-1,16/01/23,1056,30708,CrystalQuartz,plottedfind,CompFlake,0.5,1.14,19.81,8.12,7.02,0.5,,"~14,000-17,000",TerminalLGM
HOR-1,16/01/23,1056,30712,CrystalQuartz,plottedfind,CompFlake,0,1.66,18.73,15.87,5.09,0,,"~14,000-17,000",TerminalLGM
HOR-1,16/01/23,1056,30713,CrystalQuartz,plottedfind,CompFlake,0.25,2.03,24.8,13.08,6.92,0.25,,"~14,000-17,000",TerminalLGM
HOR-1,16/01/23,1056,30714,CrystalQuartz,plottedfind,CompFlake,0,2.71,22.61,11.41,10.01,0,,"~14,000-17,000",TerminalLGM
HOR-1,16/01/23,1056,30717,CrystalQuartz,plottedfind,CompFlake,0.25,1.81,17.59,14.46,9.14,0.25,,"~14,000-17,000",TerminalLGM
HOR-1,16/01/23,1056,30722,CrystalQuartz,plottedfind,CompFlake,0.25,5.84,21.91,30.27,9.9,0.25,,"~14,000-17,000",TerminalLGM
HOR-1,16/01/23,1056,30724,CrystalQuartz,plottedfind,CompFlake,0.25,5.85,25.8,25.02,11.7,0.25,,"~14,000-17,000",TerminalLGM
HOR-1,16/01/23,1056,30726,CrystalQuartz,plottedfind,CompFlake,0,2.43,20.04,30.05,5.81,0,,"~14,000-17,000",TerminalLGM
HOR-1,16/01/23,1056,30727,CrystalQuartz,plottedfind,CompFlake,0,3.16,25.21,14.18,8.82,0,,"~14,000-17,000",TerminalLGM
HOR-1,11/1/2023,1054,30743,CrystalQuartz,plottedfind,CompFlake,0,4.35,33.04,14.9,11.02,0,,"~14,000-17,000",TerminalLGM
HOR-1,11/1/2023,1054,30748,CrystalQuartz,plottedfind,CompFlake,0,3.58,31.43,17.88,6.67,0,,"~14,000-17,000",TerminalLGM
HOR-1,11/1/2023,1054,30749,CrystalQuartz,plottedfind,RetouchedPiece,0,2.63,32.61,19.61,4.07,0,,"~14,000-17,000",TerminalLGM
HOR-1,11/1/2023,1054,30751,CrystalQuartz,plottedfind,RetouchedPiece,0.25,2.35,19.69,17.59,5.96,0.25,,"~14,000-17,000",TerminalLGM
HOR-1,11/1/2023,1054,30752,CrystalQuartz,plottedfind,CompFlake,0,2.37,14.79,22.26,8.14,0,,"~14,000-17,000",TerminalLGM
HOR-1,11/1/2023,1054,30755,CrystalQuartz,plottedfind,CompFlake,0,1.58,18.49,19.46,4.1,0,,"~14,000-17,000",TerminalLGM
HOR-1,22/01/23,1045,30778,CrystalQuartz,plottedfind,CompFlake,0.25,2.6,28.25,12.78,8.39,0.25,slightly broken on left lateral margin (ventral surface),"~14,000-17,000",TerminalLGM
HOR-1,23/01/23,1045,30781,CrystalQuartz,plottedfind,CompFlake,0,2.68,18.28,20.76,7.08,0,,"~14,000-17,000",TerminalLGM
HOR-1,23/01/23,1045,30819,CrystalQuartz,plottedfind,CompFlake,0,2.15,17.69,14.32,8.24,0,lateral margins flaked off,"~14,000-17,000",TerminalLGM
HOR-1,22/01/23,1061,30976,CrystalQuartz,plottedfind,CompFlake,0.05,12.36,40.65,30.09,11.69,0.05,some breaks along one lateral margin,"~14,000-17,000",TerminalLGM
HOR-1,22/01/23,1061,30978,CrystalQuartz,plottedfind,Utilized,0.25,5.19,26.62,20.36,10.55,0.25,naturally backed segment. Cortex spans 40-69% of the backed edge,"~14,000-17,000",TerminalLGM
HOR-1,22/01/23,1061,30994,CrystalQuartz,plottedfind,CompFlake,0.05,2.62,14.12,20.45,9.3,0.05,,"~14,000-17,000",TerminalLGM
HOR-1,22/01/23,1061,30999,CrystalQuartz,plottedfind,CompFlake,0.05,1.38,9.36,18.53,6.89,0.05,,"~14,000-17,000",TerminalLGM
HOR-1,16/01/23,933,31287,CrystalQuartz,plottedfind,CompFlake,0,5.71,30.89,19.12,8.73,0,,"~14,000-17,000",TerminalLGM
HOR-1,13/01/23,1223,31751,CrystalQuartz,plottedfind,CompFlake,0.25,2.89,28.64,14.44,7.64,0.25,,"~14,000-17,000",TerminalLGM
HOR-1,13/01/23,1223,31810,CrystalQuartz,plottedfind,CompFlake,0.5,6.57,27.97,25.77,11.36,0.5,,"~14,000-17,000",TerminalLGM
HOR-1,13/01/23,1223,31813,CrystalQuartz,plottedfind,CompFlake,0,2.45,21.98,11.21,7.89,0,,"~14,000-17,000",TerminalLGM
HOR-1,16/01/23,1221,31819,CrystalQuartz,plottedfind,CompFlake,0,3.59,24.25,17.53,9.17,0,,"~14,000-17,000",TerminalLGM
HOR-1,16/01/23,1221,31822,CrystalQuartz,plottedfind,CompFlake,0.25,2.1,16.01,12.18,7.96,0.25,,"~14,000-17,000",TerminalLGM
HOR-1,16/01/23,1221,31823,CrystalQuartz,plottedfind,CompFlake,0,0.96,20.17,15.12,2.93,0,,"~14,000-17,000",TerminalLGM
HOR-1,16/01/23,1221,31827,CrystalQuartz,plottedfind,CompFlake,0.25,1.58,17.03,9.77,8.2,0.25,,"~14,000-17,000",TerminalLGM
HOR-1,16/01/23,1221,31828,CrystalQuartz,plottedfind,CompFlake,0,0.76,16.05,9.37,4.44,0,,"~14,000-17,000",TerminalLGM
HOR-1,16/01/23,1221,31836,CrystalQuartz,plottedfind,CompFlake,0,1.59,15.53,10.55,7.45,0,,"~14,000-17,000",TerminalLGM
HOR-1,16/01/23,1221,31838,CrystalQuartz,plottedfind,CompFlake,0,1.83,30.49,12.82,5.13,0,,"~14,000-17,000",TerminalLGM
HOR-1,15/01/23,1734,67361,CrystalQuartz,plottedfind,CompFlake,0,0.51,13.91,12.43,4.31,0,,"~14,000-17,000",TerminalLGM
HOR-1,15/01/23,1734,67362,CrystalQuartz,plottedfind,CompFlake,0,1.02,17.86,11.82,5.14,0,,"~14,000-17,000",TerminalLGM
HOR-1,15/01/23,1734,67364,CrystalQuartz,plottedfind,CompFlake,0.25,0.77,15.35,15.22,3.43,0.25,,"~14,000-17,000",TerminalLGM
HOR-1,15/01/23,1734,67370,CrystalQuartz,plottedfind,CompFlake,0,0.44,12.51,13.73,2.45,0,,"~14,000-17,000",TerminalLGM
HOR-1,15/01/23,1734,67373,CrystalQuartz,plottedfind,CompFlake,0.05,1.16,13.12,14.18,6.2,0.05,,"~14,000-17,000",TerminalLGM
HOR-1,15/01/23,1734,67374,CrystalQuartz,plottedfind,CompFlake,0.25,1.95,9.32,22.86,9.52,0.25,,"~14,000-17,000",TerminalLGM
HOR-1,15/01/23,1734,67379,CrystalQuartz,plottedfind,CompFlake,0.75,0.93,14.97,10.87,6.83,0.75,,"~14,000-17,000",TerminalLGM
HOR-1,15/01/23,1734,67401,CrystalQuartz,plottedfind,CompFlake,0,0.67,16.89,13.75,3.39,0,,"~14,000-17,000",TerminalLGM
HOR-1,15/01/23,1734,67403,CrystalQuartz,plottedfind,CompFlake,0.5,0.76,19.7,11.92,3.51,0.5,,"~14,000-17,000",TerminalLGM
HOR-1,15/01/23,1734,67406,CrystalQuartz,plottedfind,CompFlake,0.5,0.41,16.06,8.36,4.29,0.5,,"~14,000-17,000",TerminalLGM
HOR-1,15/01/23,1734,67407,CrystalQuartz,plottedfind,CompFlake,0.25,2.05,23.03,14.1,7.25,0.25,,"~14,000-17,000",TerminalLGM
HOR-1,15/01/23,1725,67767,CrystalQuartz,plottedfind,CompFlake,0,0.74,15.25,12.13,3.46,0,,"~14,000-18,000",TerminalLGM
HOR-1,16/01/23,1725,67769,CrystalQuartz,plottedfind,CompFlake,0,0.81,14.15,12.43,4.52,0,,"~14,000-18,000",TerminalLGM
HOR-1,15/01/23,1725,67774,CrystalQuartz,plottedfind,CompFlake,0.25,2.25,25.9,12.48,6.53,0.25,,"~14,000-18,000",TerminalLGM
HOR-1,15/01/23,1725,68131,CrystalQuartz,plottedfind,CompFlake,0,1.55,18.93,18.13,4.83,0,,"~14,000-18,000",TerminalLGM
HOR-1,15/01/23,1725,68135,CrystalQuartz,plottedfind,CompFlake,0.25,2.66,26.67,15.91,6.51,0.25,,"~14,000-18,000",TerminalLGM
HOR-1,15/01/23,1725,68138,CrystalQuartz,plottedfind,CompFlake,0.05,0.74,17.93,9.92,3.82,0.05,,"~14,000-18,000",TerminalLGM
HOR-1,15/01/23,1725,68144,CrystalQuartz,plottedfind,CompFlake,0.25,1.2,22.04,9.27,5.23,0.25,red residue on dorsal surface,"~14,000-18,000",TerminalLGM
HOR-1,15/01/23,1725,68145,CrystalQuartz,plottedfind,CompFlake,0,8.19,32.1,15.41,16.47,0,,"~14,000-18,000",TerminalLGM
HOR-1,16/01/23,1725,68146,CrystalQuartz,plottedfind,CompFlake,0,0.87,19.14,10.7,5.49,0,,"~14,000-18,000",TerminalLGM
HOR-1,15/01/23,1725,68147,CrystalQuartz,plottedfind,CompFlake,0,2.77,20.4,27.74,4.35,0,,"~14,000-18,000",TerminalLGM
HOR-1,15/01/23,1725,68149,CrystalQuartz,plottedfind,CompFlake,0,0.96,17.95,12.26,4.06,0,,"~14,000-18,000",TerminalLGM
HOR-1,15/01/23,1725,68151,CrystalQuartz,plottedfind,CompFlake,0,0.47,18.99,9.19,2.91,0,,"~14,000-18,000",TerminalLGM
HOR-1,16/01/23,1725,68153,CrystalQuartz,plottedfind,CompFlake,0,1.06,12.94,16.78,5.49,0,,"~14,000-18,000",TerminalLGM
HOR-1,16/01/23,1725,68158,CrystalQuartz,plottedfind,CompFlake,0,0.53,16.45,11.44,2.49,0,,"~14,000-18,000",TerminalLGM
HOR-1,16/01/23,1725,68161,CrystalQuartz,plottedfind,RetouchedPiece,0,3.7,40.68,16.5,5.15,0,,"~14,000-18,000",TerminalLGM
HOR-1,16/01/23,1725,68162,CrystalQuartz,plottedfind,CompFlake,0,1.18,17.67,10.05,5.95,0,,"~14,000-18,000",TerminalLGM
HOR-1,12/1/2023,1751,68913,CrystalQuartz,plottedfind,CompFlake,0,3.01,17.44,14.86,8.04,0,,"15,950-18,226 CalBP",TerminalLGM
HOR-1,12/1/2023,1751,68921,CrystalQuartz,plottedfind,CompFlake,0,1.51,25.03,9.53,7.28,0,,"15,950-18,226 CalBP",TerminalLGM
HOR-1,11/1/2023,1751,68941,CrystalQuartz,plottedfind,CompFlake,0,4.09,20.56,24.86,6.74,0,,"15,950-18,226 CalBP",TerminalLGM
HOR-1,12/1/2023,1751,68947,CrystalQuartz,plottedfind,CompFlake,0,1.33,15.4,13.59,5.81,0,,"15,950-18,226 CalBP",TerminalLGM
HOR-1,12/1/2023,1751,68949,CrystalQuartz,plottedfind,CompFlake,0.5,2.97,18.76,13.72,11.56,0.5,,"15,950-18,226 CalBP",TerminalLGM
HOR-1,12/1/2023,1751,68951,CrystalQuartz,plottedfind,CompFlake,1,2.42,23.19,19.82,5,1,,"15,950-18,226 CalBP",TerminalLGM
HOR-1,11/1/2023,1751,68953,CrystalQuartz,plottedfind,CompFlake,1,4.23,20.88,28.23,6.76,1,,"15,950-18,226 CalBP",TerminalLGM
HOR-1,12/1/2023,1751,69991,CrystalQuartz,plottedfind,CompFlake,0,2.72,15.83,21.06,8.95,0,,"15,950-18,226 CalBP",TerminalLGM
HOR-1,12/1/2023,1751,69992,CrystalQuartz,plottedfind,CompFlake,0,1.42,13.76,12.95,6.92,0,,"15,950-18,226 CalBP",TerminalLGM
HOR-1,12/1/2023,1751,69993,CrystalQuartz,plottedfind,CompFlake,0.25,1.88,24.9,14.51,4.65,0.25,,"15,950-18,226 CalBP",TerminalLGM
HOR-1,12/1/2023,1751,69994,CrystalQuartz,plottedfind,CompFlake,0,1.12,17.21,11.37,5.56,0,,"15,950-18,226 CalBP",TerminalLGM
HOR-1,12/1/2023,1751,70020,CrystalQuartz,plottedfind,CompFlake,0,3.33,20.8,17.83,9.48,0,,"15,950-18,226 CalBP",TerminalLGM
HOR-1,12/1/2023,1751,70024,CrystalQuartz,plottedfind,CompFlake,0,1.39,20.61,10.52,7.06,0,,"15,950-18,226 CalBP",TerminalLGM
HOR-1,12/1/2023,1751,70025,CrystalQuartz,plottedfind,CompFlake,0,0.42,13.94,9.72,2.89,0,,"15,950-18,226 CalBP",TerminalLGM
HOR-1,19/01/23,1763,71406,CrystalQuartz,plottedfind,CompFlake,0,0.77,20.94,14.94,3.45,0,,"~14,000-18,000",TerminalLGM
HOR-1,21/01/23,1763,71409,CrystalQuartz,plottedfind,CompFlake,0,1.02,16.46,16.4,3.52,0,,"~14,000-18,000",TerminalLGM
HOR-1,21/01/23,1763,71411,CrystalQuartz,plottedfind,CompFlake,0,0.97,14.89,12.47,6.71,0,,"~14,000-18,000",TerminalLGM
HOR-1,21/01/23,1763,71414,CrystalQuartz,plottedfind,CompFlake,0.25,0.82,10.46,10.87,7.21,0.25,,"~14,000-18,000",TerminalLGM
HOR-1,21/01/23,1763,71427,CrystalQuartz,plottedfind,CompFlake,0,1.38,12.48,12.99,9.46,0,,"~14,000-18,000",TerminalLGM
HOR-1,12/1/2023,1748,71525,CrystalQuartz,plottedfind,CompFlake,0,4.63,23.6,19.76,8.9,0,,"~14,000-18,000",TerminalLGM
HOR-1,12/1/2023,1748,71528,CrystalQuartz,plottedfind,CompFlake,0,0.67,11.8,9.1,5.44,0,,"~14,000-18,000",TerminalLGM
HOR-1,12/1/2023,1748,71532,CrystalQuartz,plottedfind,CompFlake,0.5,1.77,20.51,12.35,8.64,0.5,,"~14,000-18,000",TerminalLGM
HOR-1,12/1/2023,1748,71536,CrystalQuartz,plottedfind,CompFlake,0,0.56,12.78,10.92,4.81,0,,"~14,000-18,000",TerminalLGM
HOR-1,12/1/2023,1748,71537,CrystalQuartz,plottedfind,CompFlake,0,3.42,37.47,19.89,4.97,0,,"~14,000-18,000",TerminalLGM
HOR-1,12/1/2023,1748,71538,CrystalQuartz,plottedfind,CompFlake,0.5,1.8,20.3,11.87,8.38,0.5,,"~14,000-18,000",TerminalLGM
HOR-1,12/1/2023,1748,71539,CrystalQuartz,plottedfind,CompFlake,0,0.56,14.1,12.01,4.09,0,,"~14,000-18,000",TerminalLGM
HOR-1,12/1/2023,1748,71541,CrystalQuartz,plottedfind,CompFlake,0,1.01,15.78,10.77,6.31,0,,"~14,000-18,000",TerminalLGM
HOR-1,12/1/2023,1748,71543,CrystalQuartz,plottedfind,CompFlake,0,0.42,11.15,12.06,4.07,0,,"~14,000-18,000",TerminalLGM
HOR-1,12/1/2023,1748,71550,CrystalQuartz,plottedfind,CompFlake,0,0.47,15.15,10.44,3.96,0,,"~14,000-18,000",TerminalLGM
HOR-1,12/1/2023,1748,71572,CrystalQuartz,plottedfind,CompFlake,0,1.15,13.95,9.17,6.71,0,,"~14,000-18,000",TerminalLGM
HOR-1,12/1/2023,1748,71573,CrystalQuartz,plottedfind,CompFlake,0,1,13.78,22.28,3.3,0,,"~14,000-18,000",TerminalLGM
HOR-1,12/1/2023,1748,71575,CrystalQuartz,plottedfind,CompFlake,0.25,2.2,23.8,13.38,7,0.25,,"~14,000-18,000",TerminalLGM
HOR-1,12/1/2023,1748,71576,CrystalQuartz,plottedfind,CompFlake,0,0.28,9.64,14.27,2.29,0,,"~14,000-18,000",TerminalLGM
HOR-1,12/1/2023,1748,71579,CrystalQuartz,plottedfind,CompFlake,0,1.39,11.12,14.92,8.18,0,,"~14,000-18,000",TerminalLGM
HOR-1,12/1/2023,1748,71581,CrystalQuartz,plottedfind,CompFlake,0,1.53,17.32,12.77,5.17,0,,"~14,000-18,000",TerminalLGM
HOR-1,24/11/22,1783,77121,VeinQuartz,plottedfind,CompFlake,0.25,2.26,19,10.17,9.67,0.25,,"~16,000-20,000",TerminalLGM
HOR-1,24/11/22,1735,67395,VeinQuartz,plottedfind,CompFlake,0.05,0.96,8.81,21.03,6.36,0.05,,"~14,000-17,000",TerminalLGM
HOR-1,24/11/22,1752,68972,VeinQuartz,plottedfind,CompFlake,0,1.22,12.24,18.01,6.63,0,,"~14,000-18,000",TerminalLGM
HOR-1,24/11/22,1752,70026,VeinQuartz,plottedfind,CompFlake,0.05,7.32,20.27,23.46,14.08,0.05,,"~14,000-18,000",TerminalLGM
HOR-1,24/11/22,1752,68966,VeinQuartz,plottedfind,CompFlake,0,2.21,24.96,11.01,6.07,0,,"~14,000-18,000",TerminalLGM
HOR-1,24/11/22,1752,72050,VeinQuartz,plottedfind,CompFlake,0,13.48,51.03,22.12,11.18,0,,"~14,000-18,000",TerminalLGM
HOR-1,24/11/22,1752,69301,VeinQuartz,plottedfind,CompFlake,0.5,4.49,19.81,26.75,10.06,0.5,,"~14,000-18,000",TerminalLGM
HOR-1,24/11/22,1752,70036,VeinQuartz,plottedfind,CompFlake,0,1.72,14.64,11.79,7.27,0,,"~14,000-18,000",TerminalLGM
HOR-1,9/1/2023,1067,31329,VeinQuartz,plottedfind,CompFlake,0.95,2.18,14.37,11.69,9.85,0.95,,"~14,000-17,000",TerminalLGM
HOR-1,9/1/2023,1067,31338,VeinQuartz,plottedfind,CompFlake,0,1.37,19.32,9.71,6.31,0,,"~14,000-17,000",TerminalLGM
HOR-1,6/1/2023,1067,31343,VeinQuartz,plottedfind,CompFlake,0,1.22,14.63,17.3,5.59,0,,"~14,000-17,000",TerminalLGM
HOR-1,9/1/2023,927,31350,VeinQuartz,plottedfind,CompFlake,0.25,1.12,16.74,12.12,6.76,0.25,,"~14,000-17,000",TerminalLGM
HOR-1,9/1/2023,927,31354,VeinQuartz,plottedfind,CompFlake,0,2.25,19.51,14.3,7.04,0,,"~14,000-17,000",TerminalLGM
HOR-1,9/1/2023,927,31358,VeinQuartz,plottedfind,CompFlake,0.05,9.32,26.67,30.17,13.82,0.05,,"~14,000-17,000",TerminalLGM
HOR-1,9/1/2023,927,31375,VeinQuartz,plottedfind,CompFlake,0.25,2.1,18.46,14.2,8.36,0.25,,"~14,000-17,000",TerminalLGM
HOR-1,6/1/2023,1755,72018,VeinQuartz,plottedfind,CompFlake,0,1.44,15.49,11.18,6.81,0,,"~14,000-18,000",TerminalLGM
HOR-1,6/1/2023,1755,72045,VeinQuartz,plottedfind,CompFlake,0.25,1.04,9.63,11.87,7.33,0.25,,"~14,000-18,000",TerminalLGM
HOR-1,6/1/2023,1755,72540,VeinQuartz,plottedfind,CompFlake,0,0.21,10.64,9.41,2.8,0,,"~14,000-18,000",TerminalLGM
HOR-1,6/1/2023,1755,72549,VeinQuartz,plottedfind,CompFlake,0,0.8,13.43,8.57,6.5,0,,"~14,000-18,000",TerminalLGM
HOR-1,6/1/2023,1755,72563,VeinQuartz,plottedfind,CompFlake,0.25,1.63,24.86,11.27,5.88,0.25,,"~14,000-18,000",TerminalLGM
HOR-1,6/1/2023,1755,72576,VeinQuartz,plottedfind,CompFlake,0,2.23,15.16,13.65,8.55,0,,"~14,000-18,000",TerminalLGM
HOR-1,6/1/2023,1755,72584,VeinQuartz,plottedfind,CompFlake,0.25,0.57,14.71,8.26,4.07,0.25,,"~14,000-18,000",TerminalLGM
HOR-1,14/12/22,1755,72585,VeinQuartz,plottedfind,CompFlake,0.75,1.22,16.01,10.11,4.54,0.75,,"~14,000-18,000",TerminalLGM
HOR-1,6/1/2023,1755,72598,VeinQuartz,plottedfind,CompFlake,0,0.9,17.18,8.83,5.88,0,,"~14,000-18,000",TerminalLGM
HOR-1,11/1/2023,1062,30661,VeinQuartz,plottedfind,CompFlake,0.5,12.56,28.56,26.65,16.26,0.5,,"~14,000-17,000",TerminalLGM
HOR-1,11/1/2023,1062,30663,VeinQuartz,plottedfind,CompFlake,0.25,1.86,22.27,12.6,5.11,0.25,,"~14,000-17,000",TerminalLGM
HOR-1,16/01/23,1221,31832,VeinQuartz,plottedfind,CompFlake,0.25,1.29,14.86,11.86,6.69,0.25,,"~14,000-17,000",TerminalLGM
HOR-1,13/01/23,1809,42993,VeinQuartz,plottedfind,CompFlake,0,2.26,15.37,15.12,7.1,0,,"~17,000-18,000 CalBP",TerminalLGM
HOR-1,15/01/23,1734,67363,VeinQuartz,plottedfind,CompFlake,0.75,1.59,16.64,19.5,5.72,0.75,,"~14,000-17,000",TerminalLGM
HOR-1,15/01/23,1734,67408,VeinQuartz,plottedfind,CompFlake,0,1.22,19.43,10.01,4.76,0,,"~14,000-17,000",TerminalLGM
HOR-1,15/01/23,1725,67766,VeinQuartz,plottedfind,CompFlake,0,2.41,16.71,15.43,9.43,0,,"~14,000-18,000",TerminalLGM
HOR-1,16/01/23,1725,67768,VeinQuartz,plottedfind,CompFlake,0,2.99,19.39,16.34,7.23,0,,"~14,000-18,000",TerminalLGM
HOR-1,16/01/23,1725,68134,VeinQuartz,plottedfind,CompFlake,0.05,0.98,12.26,11.05,4.93,0.05,,"~14,000-18,000",TerminalLGM
HOR-1,15/01/23,1725,68140,VeinQuartz,plottedfind,CompFlake,0,4.5,30.72,22.12,9.04,0,,"~14,000-18,000",TerminalLGM
HOR-1,15/01/23,1725,68143,VeinQuartz,plottedfind,CompFlake,0.25,2.58,20.27,21.58,7.46,0.25,,"~14,000-18,000",TerminalLGM
HOR-1,15/01/23,1725,68159,VeinQuartz,plottedfind,CompFlake,0.25,3.02,25.05,15.88,9.9,0.25,,"~14,000-18,000",TerminalLGM
HOR-1,12/1/2023,1751,68927,VeinQuartz,plottedfind,CompFlake,0.05,1.53,13.42,20.4,6.03,0.05,,"15,950-18,226 CalBP",TerminalLGM
HOR-1,11/1/2023,1751,69990,VeinQuartz,plottedfind,CompFlake,0,5.11,35.05,23.3,8.06,0,,"15,950-18,226 CalBP",TerminalLGM
HOR-1,12/1/2023,1751,70021,VeinQuartz,plottedfind,CompFlake,0,2.74,23.1,14.25,6.69,0,,"15,950-18,226 CalBP",TerminalLGM
HOR-1,21/01/23,1763,71429,VeinQuartz,plottedfind,CompFlake,0.25,7.03,38.87,17.54,13.29,0.25,,"~14,000-18,000",TerminalLGM
HOR-1,12/1/2023,1748,71533,VeinQuartz,plottedfind,CompFlake,0.25,1.9,20.53,14.53,8.32,0.25,,"~14,000-18,000",TerminalLGM
HOR-1,12/1/2023,1748,71549,VeinQuartz,plottedfind,CompFlake,0.5,3.01,15.92,17.01,15.44,0.5,,"~14,000-18,000",TerminalLGM
HOR-1,12/1/2023,1748,71574,VeinQuartz,plottedfind,CompFlake,0,6.64,24.46,19.43,10.78,0,,"~14,000-18,000",TerminalLGM
HOR-1,4/11/2022,1750,3,CrystalQuartz,sieve,CompFlake,0.95,1.5,15.48,11.49,7.83,0.95,,"~14,000-18,000",TerminalLGM
HOR-1,4/11/2022,1750,5,CrystalQuartz,sieve,CompFlake,0,0.7,18.91,11.74,3.1,0,,"~14,000-18,000",TerminalLGM
HOR-1,7/11/2022,1750,8,CrystalQuartz,sieve,CompFlake,0,0.7,13.73,13.34,3.67,0,,"~14,000-18,000",TerminalLGM
HOR-1,7/11/2022,1750,9,CrystalQuartz,sieve,CompFlake,0.05,0.7,16.41,10.73,3.37,0.05,,"~14,000-18,000",TerminalLGM
HOR-1,7/11/2022,1750,11,CrystalQuartz,sieve,CompFlake,0,0.9,11.78,11.87,3.56,0,,"~14,000-18,000",TerminalLGM
HOR-1,7/11/2022,1750,12,CrystalQuartz,sieve,CompFlake,0.25,1.6,20.6,14.41,5.08,0.25,,"~14,000-18,000",TerminalLGM
HOR-1,7/11/2022,1750,13,CrystalQuartz,sieve,CompFlake,0,0.4,10.75,11.12,4.13,0,,"~14,000-18,000",TerminalLGM
HOR-1,7/11/2022,1750,14,CrystalQuartz,sieve,CompFlake,0,1.2,8.4,14.35,8.34,0,,"~14,000-18,000",TerminalLGM
HOR-1,7/11/2022,1750,15,CrystalQuartz,sieve,CompFlake,0,0.6,13.86,12.45,5,0,,"~14,000-18,000",TerminalLGM
HOR-1,7/11/2022,1750,16,CrystalQuartz,sieve,CompFlake,0,0.7,13.57,10.16,3.86,0,,"~14,000-18,000",TerminalLGM
HOR-1,7/11/2022,1750,17,CrystalQuartz,sieve,CompFlake,0.05,1.1,11.68,13.45,6.16,0.05,,"~14,000-18,000",TerminalLGM
HOR-1,7/11/2022,1750,18,CrystalQuartz,sieve,CompFlake,0.05,0.9,18.12,10.73,4.94,0.05,,"~14,000-18,000",TerminalLGM
HOR-1,7/11/2022,1750,20,CrystalQuartz,sieve,CompFlake,0,0.9,11.57,10.43,5.16,0,,"~14,000-18,000",TerminalLGM
HOR-1,7/11/2022,1750,21,CrystalQuartz,sieve,CompFlake,0.25,0.7,13.45,9.56,5.39,0.25,,"~14,000-18,000",TerminalLGM
HOR-1,7/11/2022,1750,22,CrystalQuartz,sieve,CompFlake,0.05,0.8,9.22,12.65,4.81,0.05,,"~14,000-18,000",TerminalLGM
HOR-1,7/11/2022,1750,23,CrystalQuartz,sieve,CompFlake,0.05,0.7,10.98,12.02,7.91,0.05,,"~14,000-18,000",TerminalLGM
HOR-1,7/11/2022,1750,24,CrystalQuartz,sieve,CompFlake,0.25,0.6,12.59,8.12,5.45,0.25,,"~14,000-18,000",TerminalLGM
HOR-1,7/11/2022,1750,25,CrystalQuartz,sieve,CompFlake,0.25,0.4,11.54,9.12,5.22,0.25,,"~14,000-18,000",TerminalLGM
HOR-1,7/11/2022,1750,28,CrystalQuartz,sieve,CompFlake,0,0.9,9.18,11.92,7.29,0,,"~14,000-18,000",TerminalLGM
HOR-1,7/11/2022,1750,29,CrystalQuartz,sieve,CompFlake,0,0.5,6.54,10.33,6.33,0,,"~14,000-18,000",TerminalLGM
HOR-1,7/11/2022,1750,30,CrystalQuartz,sieve,CompFlake,0.5,0.4,10.94,8.9,4.04,0.5,,"~14,000-18,000",TerminalLGM
HOR-1,8/11/2022,1750,31,CrystalQuartz,sieve,CompFlake,0.5,0.17,12.33,4.66,1.53,0.5,,"~14,000-18,000",TerminalLGM
HOR-1,8/11/2022,1750,32,CrystalQuartz,sieve,CompFlake,0,0.17,11.02,5.42,3.18,0,,"~14,000-18,000",TerminalLGM
HOR-1,8/11/2022,1750,33,CrystalQuartz,sieve,CompFlake,0,0.23,12.82,6.85,3.91,0,,"~14,000-18,000",TerminalLGM
HOR-1,8/11/2022,1750,34,CrystalQuartz,sieve,CompFlake,0,0.42,8.55,12.04,4.12,0,,"~14,000-18,000",TerminalLGM
HOR-1,8/11/2022,1750,35,CrystalQuartz,sieve,CompFlake,0.75,0.41,11.46,8.01,3.49,0.75,,"~14,000-18,000",TerminalLGM
HOR-1,8/11/2022,1750,36,CrystalQuartz,sieve,CompFlake,0.05,0.53,17.96,7.48,3.05,0.05,,"~14,000-18,000",TerminalLGM
HOR-1,8/11/2022,1750,37,CrystalQuartz,sieve,CompFlake,1,0.45,10.15,7.35,6.09,1,,"~14,000-18,000",TerminalLGM
HOR-1,8/11/2022,1750,38,CrystalQuartz,sieve,CompFlake,0,0.3,11.21,5.99,3.8,0,,"~14,000-18,000",TerminalLGM
HOR-1,8/11/2022,1750,39,CrystalQuartz,sieve,CompFlake,0,0.41,11.51,5.22,4.62,0,,"~14,000-18,000",TerminalLGM
HOR-1,8/11/2022,1745,40,CrystalQuartz,sieve,CompFlake,0,0.6,12.28,13.62,5.32,0,,"~14,000-18,000",TerminalLGM
HOR-1,8/11/2022,1745,41,CrystalQuartz,sieve,CompFlake,0.05,0.28,14.41,7.97,3.31,0.05,,"~14,000-18,000",TerminalLGM
HOR-1,8/11/2022,1745,42,CrystalQuartz,sieve,CompFlake,0.25,0.18,10.5,4.43,3.19,0.25,,"~14,000-18,000",TerminalLGM
HOR-1,8/11/2022,1745,43,CrystalQuartz,sieve,CompFlake,0,0.54,16.44,9.62,3.19,0,,"~14,000-18,000",TerminalLGM
HOR-1,8/11/2022,1745,45,CrystalQuartz,sieve,CompFlake,0.5,0.93,15.99,9.95,5.47,0.5,,"~14,000-18,000",TerminalLGM
HOR-1,8/11/2022,927,46,CrystalQuartz,sieve,CompFlake,0,2.48,18.09,15.25,6.76,0,,"~14,000-17,000",TerminalLGM
HOR-1,8/11/2022,927,47,CrystalQuartz,sieve,CompFlake,0,0.31,16.78,8.27,2.63,0,,"~14,000-17,000",TerminalLGM
HOR-1,8/11/2022,927,48,CrystalQuartz,sieve,CompFlake,0.25,1.32,16.29,15.02,4.52,0.25,,"~14,000-17,000",TerminalLGM
HOR-1,8/11/2022,927,49,CrystalQuartz,sieve,CompFlake,0,0.39,14.79,9.75,4.46,0,,"~14,000-17,000",TerminalLGM
HOR-1,8/11/2022,927,50,CrystalQuartz,sieve,CompFlake,0,1,17.94,14.34,4.83,0,,"~14,000-17,000",TerminalLGM
HOR-1,8/11/2022,927,51,CrystalQuartz,sieve,CompFlake,0.25,0.87,13.86,10.64,5.13,0.25,,"~14,000-17,000",TerminalLGM
HOR-1,8/11/2022,927,52,CrystalQuartz,sieve,CompFlake,0,0.68,14.78,10.7,3.41,0,,"~14,000-17,000",TerminalLGM
HOR-1,8/11/2022,927,56,CrystalQuartz,sieve,CompFlake,0,0.44,10.61,9.32,3.3,0,,"~14,000-17,000",TerminalLGM
HOR-1,8/11/2022,927,57,CrystalQuartz,sieve,CompFlake,0.05,0.63,14.96,8.45,3.75,0.05,,"~14,000-17,000",TerminalLGM
HOR-1,9/11/2022,927,58,CrystalQuartz,sieve,CompFlake,0.05,4.63,26.99,22.93,7.61,0.05,,"~14,000-17,000",TerminalLGM
HOR-1,9/11/2022,927,60,CrystalQuartz,sieve,CompFlake,0,0.75,13.3,11.54,3.59,0,,"~14,000-17,000",TerminalLGM
HOR-1,9/11/2022,927,62,CrystalQuartz,sieve,CompFlake,0.75,0.66,10.81,15.35,4.96,0.75,,"~14,000-17,000",TerminalLGM
HOR-1,9/11/2022,927,64,CrystalQuartz,sieve,CompFlake,0,0.31,12.49,10.36,2.04,0,,"~14,000-17,000",TerminalLGM
HOR-1,9/11/2022,927,65,CrystalQuartz,sieve,CompFlake,0.5,1.14,16.65,9.28,6.37,0.5,,"~14,000-17,000",TerminalLGM
HOR-1,9/11/2022,927,66,CrystalQuartz,sieve,CompFlake,0,0.75,10.92,11.26,7.45,0,,"~14,000-17,000",TerminalLGM
HOR-1,9/11/2022,927,67,CrystalQuartz,sieve,CompFlake,0,0.1,10.36,6.94,1.63,0,,"~14,000-17,000",TerminalLGM
HOR-1,9/11/2022,927,68,CrystalQuartz,sieve,CompFlake,0.25,0.52,10.95,12.55,5.17,0.25,,"~14,000-17,000",TerminalLGM
HOR-1,9/11/2022,927,69,CrystalQuartz,sieve,CompFlake,0,0.47,13.45,9.61,2.84,0,,"~14,000-17,000",TerminalLGM
HOR-1,9/11/2022,927,70,CrystalQuartz,sieve,CompFlake,0.05,0.57,15.58,10.05,3.04,0.05,,"~14,000-17,000",TerminalLGM
HOR-1,9/11/2022,927,71,CrystalQuartz,sieve,CompFlake,0,0.54,12.49,7.87,6,0,,"~14,000-17,000",TerminalLGM
HOR-1,9/11/2022,927,72,CrystalQuartz,sieve,CompFlake,0,0.5,13.48,5.59,6.19,0,,"~14,000-17,000",TerminalLGM
HOR-1,9/11/2022,927,73,CrystalQuartz,sieve,CompFlake,0.5,1.33,20.45,9.78,6.37,0.5,,"~14,000-17,000",TerminalLGM
HOR-1,9/11/2022,927,74,CrystalQuartz,sieve,CompFlake,0.75,0.7,16.27,7.22,7.11,0.75,,"~14,000-17,000",TerminalLGM
HOR-1,9/11/2022,927,75,CrystalQuartz,sieve,CompFlake,0.25,0.28,13.08,9.04,1.85,0.25,,"~14,000-17,000",TerminalLGM
HOR-1,9/11/2022,927,76,CrystalQuartz,sieve,CompFlake,0,0.33,13.76,6.82,3.89,0,,"~14,000-17,000",TerminalLGM
HOR-1,9/11/2022,927,77,CrystalQuartz,sieve,CompFlake,0,0.49,12.69,8.86,4.28,0,,"~14,000-17,000",TerminalLGM
HOR-1,9/11/2022,927,78,CrystalQuartz,sieve,CompFlake,0.75,0.39,12.45,9.31,6.21,0.75,,"~14,000-17,000",TerminalLGM
HOR-1,9/11/2022,927,79,CrystalQuartz,sieve,CompFlake,0,0.36,11.94,11.06,4.13,0,,"~14,000-17,000",TerminalLGM
HOR-1,9/11/2022,927,80,CrystalQuartz,sieve,CompFlake,0,0.62,15.07,12.49,4.1,0,,"~14,000-17,000",TerminalLGM
HOR-1,9/11/2022,927,81,CrystalQuartz,sieve,CompFlake,0.75,0.41,12.63,7.86,3.81,0.75,,"~14,000-17,000",TerminalLGM
HOR-1,9/11/2022,927,82,CrystalQuartz,sieve,CompFlake,0,0.56,11.71,14.72,4.66,0,,"~14,000-17,000",TerminalLGM
HOR-1,9/11/2022,927,83,CrystalQuartz,sieve,CompFlake,0.05,0.34,11.69,7.44,4.3,0.05,,"~14,000-17,000",TerminalLGM
HOR-1,9/11/2022,927,84,CrystalQuartz,sieve,CompFlake,0.05,0.36,14.09,7.86,3.88,0.05,,"~14,000-17,000",TerminalLGM
HOR-1,9/11/2022,927,85,CrystalQuartz,sieve,CompFlake,0.05,0.29,11.02,9.53,2.71,0.05,,"~14,000-17,000",TerminalLGM
HOR-1,9/11/2022,927,86,CrystalQuartz,sieve,CompFlake,0.05,0.34,15.93,9.19,2.78,0.05,,"~14,000-17,000",TerminalLGM
HOR-1,9/11/2022,927,87,CrystalQuartz,sieve,CompFlake,0.25,0.64,17.46,8.8,4.9,0.25,,"~14,000-17,000",TerminalLGM
HOR-1,9/11/2022,927,88,CrystalQuartz,sieve,CompFlake,0.05,0.32,11.82,7.67,3.77,0.05,,"~14,000-17,000",TerminalLGM
HOR-1,9/11/2022,927,89,CrystalQuartz,sieve,CompFlake,0.05,0.69,11.09,9.55,5.52,0.05,,"~14,000-17,000",TerminalLGM
HOR-1,9/11/2022,927,90,CrystalQuartz,sieve,CompFlake,0.05,0.15,14.96,6.71,2.02,0.05,,"~14,000-17,000",TerminalLGM
HOR-1,9/11/2022,927,92,CrystalQuartz,sieve,CompFlake,0,0.23,11.85,6.68,2.89,0,,"~14,000-17,000",TerminalLGM
HOR-1,9/11/2022,927,93,CrystalQuartz,sieve,CompFlake,0,0.73,11.87,8.04,5.89,0,,"~14,000-17,000",TerminalLGM
HOR-1,9/11/2022,927,94,CrystalQuartz,sieve,CompFlake,0,0.31,13.02,12.21,2.33,0,,"~14,000-17,000",TerminalLGM
HOR-1,9/11/2022,927,95,CrystalQuartz,sieve,CompFlake,0.5,0.75,12.04,10.22,6.51,0.5,,"~14,000-17,000",TerminalLGM
HOR-1,9/11/2022,927,96,CrystalQuartz,sieve,CompFlake,0.05,0.43,14.78,5.96,4.37,0.05,,"~14,000-17,000",TerminalLGM
HOR-1,9/11/2022,927,97,CrystalQuartz,sieve,CompFlake,0.95,4.21,28.17,11.27,12.22,0.95,,"~14,000-17,000",TerminalLGM
HOR-1,9/11/2022,927,98,CrystalQuartz,sieve,CompFlake,0.5,0.16,10.71,4.93,3.06,0.5,,"~14,000-17,000",TerminalLGM
HOR-1,9/11/2022,927,99,CrystalQuartz,sieve,CompFlake,0,0.36,15.01,8.19,3.59,0,,"~14,000-17,000",TerminalLGM
HOR-1,9/11/2022,927,100,CrystalQuartz,sieve,CompFlake,0,0.44,10.48,7,4.14,0,,"~14,000-17,000",TerminalLGM
HOR-1,9/11/2022,927,101,CrystalQuartz,sieve,CompFlake,0,0.5,10.82,9.84,4.53,0,,"~14,000-17,000",TerminalLGM
HOR-1,9/11/2022,927,102,CrystalQuartz,sieve,CompFlake,0,0.37,14.4,7.13,4.46,0,,"~14,000-17,000",TerminalLGM
HOR-1,9/11/2022,927,103,CrystalQuartz,sieve,CompFlake,0.25,0.58,10.83,9.66,5.13,0.25,,"~14,000-17,000",TerminalLGM
HOR-1,9/11/2022,927,104,CrystalQuartz,sieve,CompFlake,0.25,0.44,13.09,8.77,3.83,0.25,,"~14,000-17,000",TerminalLGM
HOR-1,9/11/2022,927,106,CrystalQuartz,sieve,CompFlake,0,0.5,21.26,10.44,2.39,0,,"~14,000-17,000",TerminalLGM
HOR-1,9/11/2022,927,107,CrystalQuartz,sieve,CompFlake,0,0.37,11.89,8.08,3.81,0,,"~14,000-17,000",TerminalLGM
HOR-1,9/11/2022,927,108,CrystalQuartz,sieve,CompFlake,0.5,0.15,13.49,5.68,1.6,0.5,possible bladelet,"~14,000-17,000",TerminalLGM
HOR-1,9/11/2022,927,110,CrystalQuartz,sieve,CompFlake,0,0.25,12,7.75,2.89,0,,"~14,000-17,000",TerminalLGM
HOR-1,9/11/2022,927,111,CrystalQuartz,sieve,CompFlake,0,0.23,14.7,7.61,2.91,0,,"~14,000-17,000",TerminalLGM
HOR-1,9/11/2022,927,112,CrystalQuartz,sieve,CompFlake,0.5,0.4,11.3,7.8,6.67,0.5,,"~14,000-17,000",TerminalLGM
HOR-1,9/11/2022,927,114,CrystalQuartz,sieve,CompFlake,0,0.16,12.39,5.89,2.15,0,,"~14,000-17,000",TerminalLGM
HOR-1,9/11/2022,927,115,CrystalQuartz,sieve,CompFlake,0,0.31,10.48,8.74,2.71,0,,"~14,000-17,000",TerminalLGM
HOR-1,10/11/2022,927,116,CrystalQuartz,sieve,CompFlake,0,0.18,12.09,11.49,1.94,0,,"~14,000-17,000",TerminalLGM
HOR-1,10/11/2022,927,117,CrystalQuartz,sieve,CompFlake,1,0.54,11.02,7.49,4.33,1,,"~14,000-17,000",TerminalLGM
HOR-1,10/11/2022,927,118,CrystalQuartz,sieve,CompFlake,0,0.33,11.11,8.99,4.24,0,,"~14,000-17,000",TerminalLGM
HOR-1,10/11/2022,927,119,CrystalQuartz,sieve,CompFlake,0,0.26,6.62,13.88,3.48,0,,"~14,000-17,000",TerminalLGM
HOR-1,10/11/2022,927,120,CrystalQuartz,sieve,CompFlake,0,0.16,10.02,7.91,1.98,0,,"~14,000-17,000",TerminalLGM
HOR-1,10/11/2022,1744,122,CrystalQuartz,sieve,CompFlake,0,2.07,33.76,13.76,3.88,0,possible core maintenance/rejuvenation flake,"~14,000-18,000",TerminalLGM
HOR-1,10/11/2022,1744,123,CrystalQuartz,sieve,CompFlake,0,0.6,13.24,10.93,5.25,0,,"~14,000-18,000",TerminalLGM
HOR-1,10/11/2022,1744,124,CrystalQuartz,sieve,CompFlake,0,0.53,11.89,17.28,4.34,0,,"~14,000-18,000",TerminalLGM
HOR-1,10/11/2022,1744,125,CrystalQuartz,sieve,CompFlake,0,0.9,17.89,14.62,5.42,0,,"~14,000-18,000",TerminalLGM
HOR-1,10/11/2022,1744,126,CrystalQuartz,sieve,CompFlake,0.05,1.39,16.42,15.53,6.17,0.05,,"~14,000-18,000",TerminalLGM
HOR-1,10/11/2022,1744,127,CrystalQuartz,sieve,CompFlake,0,1.29,20.29,15.3,3.59,0,,"~14,000-18,000",TerminalLGM
HOR-1,10/11/2022,1744,128,CrystalQuartz,sieve,CompFlake,0,0.8,19.01,8.75,4.62,0,,"~14,000-18,000",TerminalLGM
HOR-1,10/11/2022,1744,129,CrystalQuartz,sieve,CompFlake,0,1.98,25.03,15.97,6.3,0,,"~14,000-18,000",TerminalLGM
HOR-1,10/11/2022,1744,130,CrystalQuartz,sieve,CompFlake,0,0.91,15.08,11.31,5,0,,"~14,000-18,000",TerminalLGM
HOR-1,10/11/2022,1744,132,CrystalQuartz,sieve,CompFlake,0,0.58,17.15,11.74,2.88,0,,"~14,000-18,000",TerminalLGM
HOR-1,10/11/2022,1744,133,CrystalQuartz,sieve,CompFlake,0.25,0.88,20.16,11.16,4.71,0.25,,"~14,000-18,000",TerminalLGM
HOR-1,10/11/2022,1744,134,CrystalQuartz,sieve,CompFlake,0.05,0.39,15.14,5.56,3.9,0.05,,"~14,000-18,000",TerminalLGM
HOR-1,10/11/2022,1744,135,CrystalQuartz,sieve,CompFlake,0,0.69,15.33,10.96,5.25,0,,"~14,000-18,000",TerminalLGM
HOR-1,10/11/2022,1744,136,CrystalQuartz,sieve,CompFlake,0,0.88,15.39,9.77,5.69,0,,"~14,000-18,000",TerminalLGM
HOR-1,10/11/2022,1744,137,CrystalQuartz,sieve,CompFlake,0,0.4,14.47,7.89,4.63,0,,"~14,000-18,000",TerminalLGM
HOR-1,10/11/2022,1744,138,CrystalQuartz,sieve,CompFlake,0,0.3,11.56,6.01,4.22,0,,"~14,000-18,000",TerminalLGM
HOR-1,10/11/2022,1744,139,CrystalQuartz,sieve,CompFlake,0,1.3,16.42,14.36,7.35,0,,"~14,000-18,000",TerminalLGM
HOR-1,10/11/2022,1744,140,CrystalQuartz,sieve,CompFlake,0,0.77,14.48,10.34,5.54,0,,"~14,000-18,000",TerminalLGM
HOR-1,14/10/22,1714,141,CrystalQuartz,sieve,CompFlake,0,0.26,12.57,9.06,2.55,0,,"~14,000-18,000",TerminalLGM
HOR-1,14/10/22,1744,143,CrystalQuartz,sieve,CompFlake,0,0.8,10.11,14.08,6.15,0,,"~14,000-18,000",TerminalLGM
HOR-1,14/10/22,1744,144,CrystalQuartz,sieve,CompFlake,0,0.47,13.35,12.03,3.82,0,,"~14,000-18,000",TerminalLGM
HOR-1,14/10/22,1744,145,CrystalQuartz,sieve,CompFlake,0,0.5,12.77,8.29,4.08,0,,"~14,000-18,000",TerminalLGM
HOR-1,14/10/22,1744,146,CrystalQuartz,sieve,CompFlake,0,0.49,11.45,6.92,5.11,0,,"~14,000-18,000",TerminalLGM
HOR-1,14/10/22,1744,147,CrystalQuartz,sieve,CompFlake,0.5,0.48,11.25,9.62,5.35,0.5,,"~14,000-18,000",TerminalLGM
HOR-1,14/10/22,1744,148,CrystalQuartz,sieve,CompFlake,0,0.21,13.61,7.22,1.86,0,,"~14,000-18,000",TerminalLGM
HOR-1,14/10/22,1744,149,CrystalQuartz,sieve,CompFlake,0.5,0.42,10.89,10.84,5.02,0.5,,"~14,000-18,000",TerminalLGM
HOR-1,14/10/22,1744,150,CrystalQuartz,sieve,CompFlake,0,0.62,10.49,10.1,5.85,0,,"~14,000-18,000",TerminalLGM
HOR-1,15/10/22,1744,152,CrystalQuartz,sieve,CompFlake,0,0.46,13.34,9.23,4.66,0,,"~14,000-18,000",TerminalLGM
HOR-1,15/10/22,1744,153,CrystalQuartz,sieve,CompFlake,0,0.42,15.24,12.16,3.05,0,,"~14,000-18,000",TerminalLGM
HOR-1,15/10/22,1744,155,CrystalQuartz,sieve,CompFlake,0,0.39,11.29,8.45,3.43,0,,"~14,000-18,000",TerminalLGM
HOR-1,15/10/22,1744,156,CrystalQuartz,sieve,CompFlake,0,0.21,11.17,5.39,3.89,0,,"~14,000-18,000",TerminalLGM
HOR-1,15/10/22,1744,157,CrystalQuartz,sieve,CompFlake,0,0.13,11.01,5.88,2.42,0,,"~14,000-18,000",TerminalLGM
HOR-1,15/10/22,1744,159,CrystalQuartz,sieve,CompFlake,0,0.34,10.9,9.3,4.49,0,,"~14,000-18,000",TerminalLGM
HOR-1,15/10/22,1744,160,CrystalQuartz,sieve,CompFlake,0,0.29,10.75,8.62,3.18,0,,"~14,000-18,000",TerminalLGM
HOR-1,15/10/22,1744,161,CrystalQuartz,sieve,CompFlake,0.5,0.38,12.63,9.53,7.57,0.5,,"~14,000-18,000",TerminalLGM
HOR-1,15/10/22,1744,162,CrystalQuartz,sieve,CompFlake,0,0.3,10.9,9.59,2.36,0,,"~14,000-18,000",TerminalLGM
HOR-1,15/10/22,1744,163,CrystalQuartz,sieve,CompFlake,0,0.78,14.52,11.09,4.12,0,,"~14,000-18,000",TerminalLGM
HOR-1,16/10/22,1744,165,CrystalQuartz,sieve,CompFlake,Indeterminate,0.99,15.3,11.23,7.58,NA,,"~14,000-18,000",TerminalLGM
HOR-1,16/10/22,1744,166,CrystalQuartz,sieve,CompFlake,0,0.23,11.29,8.63,3.21,0,,"~14,000-18,000",TerminalLGM
HOR-1,16/10/22,1744,167,CrystalQuartz,sieve,CompFlake,0.5,0.6,10.31,9.04,5.38,0.5,,"~14,000-18,000",TerminalLGM
HOR-1,16/10/22,1744,168,CrystalQuartz,sieve,CompFlake,0,0.13,10.11,10.01,1.55,0,,"~14,000-18,000",TerminalLGM
HOR-1,16/10/22,1744,169,CrystalQuartz,sieve,CompFlake,0.05,0.21,11.01,7.61,2.62,0.05,,"~14,000-18,000",TerminalLGM
HOR-1,16/10/22,1744,170,CrystalQuartz,sieve,CompFlake,0,0.23,11.44,7,3.21,0,,"~14,000-18,000",TerminalLGM
HOR-1,16/10/22,1744,171,CrystalQuartz,sieve,CompFlake,0,0.57,11.62,11.02,4.73,0,,"~14,000-18,000",TerminalLGM
HOR-1,16/10/22,1744,172,CrystalQuartz,sieve,CompFlake,Indeterminate,1.03,13,9.94,7.26,NA,dorsal face encrusted,"~14,000-18,000",TerminalLGM
HOR-1,16/10/22,1744,173,CrystalQuartz,sieve,CompFlake,0.25,1.21,14.97,11.81,6.09,0.25,,"~14,000-18,000",TerminalLGM
HOR-1,16/10/22,1744,174,CrystalQuartz,sieve,CompFlake,0,0.89,11.6,13.18,4.8,0,,"~14,000-18,000",TerminalLGM
HOR-1,16/10/22,1744,175,CrystalQuartz,sieve,CompFlake,0,0.84,14.75,7.89,6.45,0,,"~14,000-18,000",TerminalLGM
HOR-1,16/10/22,1744,176,CrystalQuartz,sieve,CompFlake,0.25,1.13,11.78,11.89,6.1,0.25,,"~14,000-18,000",TerminalLGM
HOR-1,16/10/22,1744,177,CrystalQuartz,sieve,CompFlake,0,0.96,24.48,7.73,5.41,0,,"~14,000-18,000",TerminalLGM
HOR-1,16/10/22,1747,178,CrystalQuartz,sieve,CompFlake,0,0.93,13.65,13.03,5.59,0,,"16,691-17,311 CalBP",TerminalLGM
HOR-1,16/10/22,1747,179,CrystalQuartz,sieve,CompFlake,0,0.58,17.05,12.67,3.34,0,,"16,691-17,311 CalBP",TerminalLGM
HOR-1,16/10/22,1747,181,CrystalQuartz,sieve,CompFlake,0,1.04,16.57,12.51,4.32,0,,"16,691-17,311 CalBP",TerminalLGM
HOR-1,16/10/22,1747,182,CrystalQuartz,sieve,CompFlake,0,0.38,15.21,8.63,2.72,0,,"16,691-17,311 CalBP",TerminalLGM
HOR-1,16/10/22,1747,183,CrystalQuartz,sieve,CompFlake,0,0.21,15.76,6.68,3.05,0,,"16,691-17,311 CalBP",TerminalLGM
HOR-1,16/10/22,1747,184,CrystalQuartz,sieve,CompFlake,0,0.28,8.94,15.36,2.85,0,,"16,691-17,311 CalBP",TerminalLGM
HOR-1,16/10/22,1747,185,CrystalQuartz,sieve,CompFlake,0,0.47,10.18,14.93,3.5,0,,"16,691-17,311 CalBP",TerminalLGM
HOR-1,16/10/22,1747,186,CrystalQuartz,sieve,CompFlake,0.75,1.17,13.4,12.22,9.52,0.75,,"16,691-17,311 CalBP",TerminalLGM
HOR-1,16/10/22,1747,187,CrystalQuartz,sieve,CompFlake,0,1.07,15.77,11.61,6.05,0,,"16,691-17,311 CalBP",TerminalLGM
HOR-1,16/10/22,1747,189,CrystalQuartz,sieve,CompFlake,0,0.6,11.7,7.74,6.95,0,,"16,691-17,311 CalBP",TerminalLGM
HOR-1,16/10/22,1747,191,CrystalQuartz,sieve,CompFlake,0.25,0.68,13.94,6.59,6.36,0.25,,"16,691-17,311 CalBP",TerminalLGM
HOR-1,16/10/22,1747,192,CrystalQuartz,sieve,CompFlake,0.5,0.34,10.92,5.43,5.99,0.5,,"16,691-17,311 CalBP",TerminalLGM
HOR-1,16/10/22,1747,194,CrystalQuartz,sieve,CompFlake,0.25,0.7,13.02,9.57,4.98,0.25,,"16,691-17,311 CalBP",TerminalLGM
HOR-1,16/10/22,1747,195,CrystalQuartz,sieve,CompFlake,0,0.17,11.14,4.33,3.31,0,,"16,691-17,311 CalBP",TerminalLGM
HOR-1,16/10/22,1747,196,CrystalQuartz,sieve,CompFlake,0,0.36,13.73,7.48,4.4,0,,"16,691-17,311 CalBP",TerminalLGM
HOR-1,16/10/22,1747,197,CrystalQuartz,sieve,CompFlake,0,0.39,8.88,10.39,4.84,0,,"16,691-17,311 CalBP",TerminalLGM
HOR-1,16/10/22,1767,198,CrystalQuartz,sieve,CompFlake,0,0.42,15.88,7.47,3.3,0,,"~17,000-18,000 CalBP",TerminalLGM
HOR-1,16/10/22,1767,199,CrystalQuartz,sieve,CompFlake,0,0.23,10.42,7.14,5.31,0,,"~17,000-18,000 CalBP",TerminalLGM
HOR-1,16/10/22,1767,200,CrystalQuartz,sieve,CompFlake,0.05,0.57,16.07,17.3,2.91,0.05,,"~17,000-18,000 CalBP",TerminalLGM
HOR-1,17/11/22,1767,201,CrystalQuartz,sieve,CompFlake,0,0.71,18.2,11.49,3.61,0,,"~17,000-18,000 CalBP",TerminalLGM
HOR-1,17/11/22,1767,202,CrystalQuartz,sieve,CompFlake,0,0.24,14.19,9.36,2.04,0,,"~17,000-18,000 CalBP",TerminalLGM
HOR-1,17/11/22,1767,204,CrystalQuartz,sieve,CompFlake,0.05,0.56,19.21,10.53,3.41,0.05,,"~17,000-18,000 CalBP",TerminalLGM
HOR-1,17/11/22,1767,205,CrystalQuartz,sieve,CompFlake,0,0.45,13.04,9.24,3.74,0,,"~17,000-18,000 CalBP",TerminalLGM
HOR-1,17/11/22,1767,207,CrystalQuartz,sieve,CompFlake,0.25,0.32,11.54,8.26,3.67,0.25,,"~17,000-18,000 CalBP",TerminalLGM
HOR-1,17/11/22,1767,208,CrystalQuartz,sieve,CompFlake,1,0.45,14.65,8.98,3.61,1,,"~17,000-18,000 CalBP",TerminalLGM
HOR-1,17/11/22,1767,209,CrystalQuartz,sieve,CompFlake,0.05,0.22,12.24,8.08,2.62,0.05,,"~17,000-18,000 CalBP",TerminalLGM
HOR-1,17/11/22,1767,211,CrystalQuartz,sieve,CompFlake,0,0.22,10.75,10.4,3.69,0,,"~17,000-18,000 CalBP",TerminalLGM
HOR-1,17/11/22,1767,212,CrystalQuartz,sieve,CompFlake,0.25,0.57,16.07,8.67,5.02,0.25,,"~17,000-18,000 CalBP",TerminalLGM
HOR-1,17/11/22,1767,213,CrystalQuartz,sieve,CompFlake,0,0.15,13.86,5.56,2.01,0,,"~17,000-18,000 CalBP",TerminalLGM
HOR-1,17/11/22,1767,214,CrystalQuartz,sieve,CompFlake,0,0.3,11.35,8.54,2.99,0,,"~17,000-18,000 CalBP",TerminalLGM
HOR-1,17/11/22,1767,215,CrystalQuartz,sieve,CompFlake,0,0.38,14.98,8.3,3.12,0,,"~17,000-18,000 CalBP",TerminalLGM
HOR-1,17/11/22,1767,216,CrystalQuartz,sieve,CompFlake,0,0.45,10.3,10.55,3.11,0,,"~17,000-18,000 CalBP",TerminalLGM
HOR-1,17/11/22,1767,217,CrystalQuartz,sieve,CompFlake,0,0.44,8.76,11.45,5.99,0,,"~17,000-18,000 CalBP",TerminalLGM
HOR-1,17/11/22,1767,218,CrystalQuartz,sieve,CompFlake,0,0.42,10.95,8.21,5.13,0,,"~17,000-18,000 CalBP",TerminalLGM
HOR-1,17/11/22,1767,219,CrystalQuartz,sieve,CompFlake,0.05,0.19,10.62,8.91,1.97,0.05,,"~17,000-18,000 CalBP",TerminalLGM
HOR-1,17/11/22,1767,220,CrystalQuartz,sieve,CompFlake,0,0.31,11.31,8.28,3.71,0,,"~17,000-18,000 CalBP",TerminalLGM
HOR-1,22/11/22,1767,221,CrystalQuartz,sieve,CompFlake,0,0.84,10.5,10.25,6.07,0,,"~17,000-18,000 CalBP",TerminalLGM
HOR-1,22/11/22,1767,222,CrystalQuartz,sieve,CompFlake,0,0.28,11.61,6.54,3.75,0,,"~17,000-18,000 CalBP",TerminalLGM
HOR-1,22/11/22,1767,223,CrystalQuartz,sieve,CompFlake,0,0.15,11.4,6.26,2.23,0,,"~17,000-18,000 CalBP",TerminalLGM
HOR-1,22/11/22,1817,224,CrystalQuartz,sieve,CompFlake,0,0.26,12.91,9.16,3.98,0,,"17,740-18,294 CalBP",TerminalLGM
HOR-1,22/11/22,1817,225,CrystalQuartz,sieve,CompFlake,0,0.35,14.87,6.62,4.65,0,,"17,740-18,294 CalBP",TerminalLGM
HOR-1,22/11/22,1817,226,CrystalQuartz,sieve,CompFlake,0.5,0.33,10.09,8.73,4.14,0.5,,"17,740-18,294 CalBP",TerminalLGM
HOR-1,22/11/22,1817,227,CrystalQuartz,sieve,CompFlake,0.25,0.86,12.02,10.59,6.9,0.25,,"17,740-18,294 CalBP",TerminalLGM
HOR-1,22/11/22,1817,228,CrystalQuartz,sieve,CompFlake,0,0.62,13.3,11.99,4.08,0,,"17,740-18,294 CalBP",TerminalLGM
HOR-1,22/11/22,1817,231,CrystalQuartz,sieve,CompFlake,0.05,0.61,13.05,8.04,5.76,0.05,,"17,740-18,294 CalBP",TerminalLGM
HOR-1,22/11/22,1817,232,CrystalQuartz,sieve,CompFlake,0.75,0.27,11.57,6.29,3.67,0.75,,"17,740-18,294 CalBP",TerminalLGM
HOR-1,22/11/22,1817,233,CrystalQuartz,sieve,CompFlake,0.25,0.45,12.13,7.18,4.28,0.25,,"17,740-18,294 CalBP",TerminalLGM
HOR-1,22/11/22,1817,235,CrystalQuartz,sieve,CompFlake,0,0.46,9.24,13.27,3.29,0,,"17,740-18,294 CalBP",TerminalLGM
HOR-1,22/11/22,1817,236,CrystalQuartz,sieve,CompFlake,0.05,0.45,13.08,6.41,4.8,0.05,,"17,740-18,294 CalBP",TerminalLGM
HOR-1,22/11/22,1817,237,CrystalQuartz,sieve,CompFlake,0.5,1.38,15.14,13.38,5.42,0.5,possible red residue on dorsal cortex,"17,740-18,294 CalBP",TerminalLGM
HOR-1,22/11/22,1817,238,CrystalQuartz,sieve,CompFlake,0.95,0.23,13.77,5.16,2.84,0.95,,"17,740-18,294 CalBP",TerminalLGM
HOR-1,22/11/22,1817,239,CrystalQuartz,sieve,CompFlake,0.25,0.3,11.14,6.03,4.07,0.25,,"17,740-18,294 CalBP",TerminalLGM
HOR-1,24/11/22,1817,240,CrystalQuartz,sieve,CompFlake,0.25,0.46,10.56,7.86,4.93,0.25,,"17,740-18,294 CalBP",TerminalLGM
HOR-1,24/11/22,1817,241,CrystalQuartz,sieve,CompFlake,0.5,0.7,11.54,7.46,6.24,0.5,,"17,740-18,294 CalBP",TerminalLGM
HOR-1,24/11/22,1817,242,CrystalQuartz,sieve,CompFlake,0.05,0.69,11.14,6.06,7.29,0.05,,"17,740-18,294 CalBP",TerminalLGM
HOR-1,24/11/22,1817,243,CrystalQuartz,sieve,CompFlake,0.75,0.6,10.46,7.28,6.44,0.75,,"17,740-18,294 CalBP",TerminalLGM
HOR-1,24/11/22,1817,244,CrystalQuartz,sieve,CompFlake,1,0.28,7.26,10.01,4.82,1,,"17,740-18,294 CalBP",TerminalLGM
HOR-1,24/11/22,1817,245,CrystalQuartz,sieve,CompFlake,0,0.33,10.42,8.28,2.5,0,,"17,740-18,294 CalBP",TerminalLGM
HOR-1,24/11/22,1817,246,CrystalQuartz,sieve,CompFlake,0,0.14,11.42,5.41,3.24,0,,"17,740-18,294 CalBP",TerminalLGM
HOR-1,24/11/22,1817,247,CrystalQuartz,sieve,CompFlake,0,0.35,11.41,13.25,3.43,0,,"17,740-18,294 CalBP",TerminalLGM
HOR-1,24/11/22,1817,248,CrystalQuartz,sieve,CompFlake,0,0.47,10.53,10.94,4.77,0,,"17,740-18,294 CalBP",TerminalLGM
HOR-1,24/11/22,1817,249,CrystalQuartz,sieve,CompFlake,0.25,0.51,13.67,7.01,5.36,0.25,,"17,740-18,294 CalBP",TerminalLGM
HOR-1,24/11/22,1817,250,CrystalQuartz,sieve,CompFlake,0,1.67,19.51,11.86,6.76,0,,"17,740-18,294 CalBP",TerminalLGM
HOR-1,4/11/2022,1750,1,VeinQuartz,sieve,CompFlake,0,2.4,12.94,12.6,9.51,0,,"~14,000-18,000",TerminalLGM
HOR-1,4/11/2022,1750,4,VeinQuartz,sieve,CompFlake,0,10.1,35.8,22.41,11.51,0,,"~14,000-18,000",TerminalLGM
HOR-1,4/11/2022,1750,6,VeinQuartz,sieve,CompFlake,0,2.6,17.17,12.01,9.34,0,,"~14,000-18,000",TerminalLGM
HOR-1,4/11/2022,1750,7,VeinQuartz,sieve,CompFlake,0.05,2,12.56,13.3,9.36,0.05,,"~14,000-18,000",TerminalLGM
HOR-1,7/11/2022,1750,10,VeinQuartz,sieve,CompFlake,0,0.6,16.58,9.04,4.3,0,,"~14,000-18,000",TerminalLGM
HOR-1,7/11/2022,1750,19,VeinQuartz,sieve,CompFlake,0.25,0.9,15.44,9.82,6.65,0.25,,"~14,000-18,000",TerminalLGM
HOR-1,7/11/2022,1750,26,VeinQuartz,sieve,CompFlake,0.75,0.6,11.9,7.78,6.05,0.75,,"~14,000-18,000",TerminalLGM
HOR-1,7/11/2022,1750,27,VeinQuartz,sieve,CompFlake,0.25,0.5,12.07,7.11,5.41,0.25,,"~14,000-18,000",TerminalLGM
HOR-1,8/11/2022,927,53,VeinQuartz,sieve,CompFlake,0.75,0.73,13.63,10.31,4.86,0.75,,"~14,000-17,000",TerminalLGM
HOR-1,8/11/2022,927,54,VeinQuartz,sieve,CompFlake,0.75,1.13,17.01,9.16,8.1,0.75,,"~14,000-17,000",TerminalLGM
HOR-1,9/11/2022,927,105,VeinQuartz,sieve,CompFlake,0.25,0.46,13.46,9.33,3.94,0.25,,"~14,000-17,000",TerminalLGM
HOR-1,9/11/2022,927,109,VeinQuartz,sieve,CompFlake,1,0.22,11.78,9.38,2.01,1,,"~14,000-17,000",TerminalLGM
HOR-1,9/11/2022,927,113,VeinQuartz,sieve,CompFlake,0.75,0.47,13.57,7.57,5.16,0.75,,"~14,000-17,000",TerminalLGM
HOR-1,10/11/2022,1744,131,VeinQuartz,sieve,CompFlake,0,0.69,16.33,12.81,5.33,0,,"~14,000-18,000",TerminalLGM
HOR-1,14/10/22,1744,142,VeinQuartz,sieve,CompFlake,0,1.83,16.87,14.68,9.07,0,,"~14,000-18,000",TerminalLGM
HOR-1,14/10/22,1744,151,VeinQuartz,sieve,CompFlake,0,0.85,11.88,8.28,6.86,0,,"~14,000-18,000",TerminalLGM
HOR-1,15/10/22,1744,158,VeinQuartz,sieve,CompFlake,0.05,0.78,13.43,12.38,4.58,0.05,,"~14,000-18,000",TerminalLGM
HOR-1,16/10/22,1747,180,VeinQuartz,sieve,CompFlake,0,0.84,13.22,11.29,6.37,0,,"16,691-17,311 CalBP",TerminalLGM
HOR-1,16/10/22,1747,190,VeinQuartz,sieve,CompFlake,1,0.84,11.96,9.03,10.47,1,,"16,691-17,311 CalBP",TerminalLGM
HOR-1,17/11/22,1767,206,VeinQuartz,sieve,CompFlake,0.25,2.73,26.08,15.05,7.63,0.25,,"~17,000-18,000 CalBP",TerminalLGM
HOR-1,22/11/22,1817,229,VeinQuartz,sieve,CompFlake,0.25,0.73,12.06,8.69,6.01,0.25,,"17,740-18,294 CalBP",TerminalLGM
HOR-1,22/11/22,1817,230,VeinQuartz,sieve,CompFlake,0.25,0.81,10.53,11.21,5.65,0.25,,"17,740-18,294 CalBP",TerminalLGM
HOR-1,22/11/22,1817,234,VeinQuartz,sieve,CompFlake,0.5,0.87,11.64,10.33,6.01,0.5,,"17,740-18,294 CalBP",TerminalLGM
 HOR-1,26/01/23,1045,29308,CrystalQuartz,plottedfind,CompFlake,0.05,1.46,17.8,15.89,6.26,0.05,,"~14,000-17,000",TerminalLGM
HOR-1,26/01/23,1045,29312,CrystalQuartz,plottedfind,CompFlake,0.5,1.18,13.83,16.42,5.85,0.5,,"~14,000-17,000",TerminalLGM
HOR-1,26/01/23,1045,29315,CrystalQuartz,plottedfind,CompFlake,0.25,4.32,26.16,17.47,9.33,0.25,,"~14,000-17,000",TerminalLGM
 HOR-1,26/01/23,1045,29320,CrystalQuartz,plottedfind,CompFlake,0,0.38,15.29,10,2.5,0,,"~14,000-17,000",TerminalLGM
 HOR-1,26/01/23,1045,30776,CrystalQuartz,plottedfind,CompFlake,0,1.41,18.68,14.56,5.99,0,,"~14,000-17,000",TerminalLGM
 HOR-1,26/01/23,1045,30780,CrystalQuartz,plottedfind,CompFlake,0.75,1.88,20.55,16.63,6.36,0.75,,"~14,000-17,000",TerminalLGM
 HOR-1,26/01/23,1045,30806,CrystalQuartz,plottedfind,CompFlake,0.75,1.92,17.01,11.87,9.29,0.75,,"~14,000-17,000",TerminalLGM
 HOR-1,26/01/23,1045,30813,CrystalQuartz,plottedfind,CompFlake,0,1.13,17.37,13.43,5.46,0,,"~14,000-17,000",TerminalLGM
 HOR-1,26/01/23,1045,30817,CrystalQuartz,plottedfind,CompFlake,0,1,17.82,9.06,6.09,0,,"~14,000-17,000",TerminalLGM
HOR-1,26/01/23,1045,30818,CrystalQuartz,plottedfind,CompFlake,0,1.69,16.04,14.66,6.26,0,,"~14,000-17,000",TerminalLGM
HOR-1,24/01/23,1045,30820,CrystalQuartz,plottedfind,CompFlake,0.25,1.98,17.44,16.64,8.68,0.25,,"~14,000-17,000",TerminalLGM
 HOR-1,26/01/23,1045,30823,CrystalQuartz,plottedfind,CompFlake,0.5,17.83,30.62,31.67,18.13,0.5,,"~14,000-17,000",TerminalLGM
HOR-1,31/01/23,1739,68716,CrystalQuartz,plottedfind,CompFlake,0.25,3.9,30.91,13.13,8.3,0.25,,"~14,000-17,000",TerminalLGM
HOR-1,31/01/23,1739,69782,CrystalQuartz,plottedfind,CompFlake,0,1.06,14.49,8.57,5.26,0,,"~14,000-17,000",TerminalLGM
HOR-1,4/11/2022,1750,2,CrystalQuartz,sieve,CompFlake,0,2.1,15.78,19.02,6.76,0,,"~14,000-18,000",TerminalLGM
HOR-1,1/3/2023,1783,251,CrystalQuartz,sieve,CompFlake,0,0.35,10.65,6.85,3.67,0,,"~16,000-20,000",TerminalLGM
HOR-1,1/3/2023,1783,252,CrystalQuartz,sieve,CompFlake,0.25,1.71,11.9,14.54,9.3,0.25,,"~16,000-20,000",TerminalLGM
HOR-1,1/3/2023,1783,253,CrystalQuartz,sieve,CompFlake,0.5,0.84,6.97,11.05,10.27,0.5,,"~16,000-20,000",TerminalLGM
HOR-1,1/3/2023,1783,254,CrystalQuartz,sieve,CompFlake,0.25,0.33,16.2,4.54,3.45,0.25,,"~16,000-20,000",TerminalLGM
HOR-1,1/3/2023,1783,255,CrystalQuartz,sieve,CompFlake,0,0.71,12.51,10.22,4.52,0,,"~16,000-20,000",TerminalLGM
HOR-1,1/3/2023,1783,256,CrystalQuartz,sieve,CompFlake,0.25,1.05,12.95,9.25,7.11,0.25,,"~16,000-20,000",TerminalLGM
HOR-1,1/3/2023,1783,257,CrystalQuartz,sieve,CompFlake,0,0.15,5.5,10.87,3.43,0,,"~16,000-20,000",TerminalLGM
HOR-1,1/3/2023,1783,258,CrystalQuartz,sieve,CompFlake,0,0.31,8.91,7.89,3.32,0,,"~16,000-20,000",TerminalLGM
HOR-1,1/3/2023,1783,259,CrystalQuartz,sieve,CompFlake,0.25,0.72,11.89,8.13,6.61,0.25,,"~16,000-20,000",TerminalLGM
HOR-1,1/3/2023,1783,260,CrystalQuartz,sieve,CompFlake,0.25,0.39,10.6,5.46,5.91,0.25,,"~16,000-20,000",TerminalLGM
HOR-1,1/3/2023,1783,261,CrystalQuartz,sieve,CompFlake,0.05,0.48,11.58,8.53,4.35,0.05,,"~16,000-20,000",TerminalLGM
HOR-1,1/3/2023,1056,262,CrystalQuartz,sieve,CompFlake,0.25,5.32,27.88,19.62,9.33,0.25,,"~14,000-17,000",TerminalLGM
HOR-1,1/3/2023,1056,263,CrystalQuartz,sieve,CompFlake,0.25,0.71,23.59,9.33,4.04,0.25,,"~14,000-17,000",TerminalLGM
HOR-1,1/3/2023,1056,264,CrystalQuartz,sieve,CompFlake,0.05,0.68,14.65,13.82,4.77,0.05,,"~14,000-17,000",TerminalLGM
HOR-1,1/3/2023,1056,265,CrystalQuartz,sieve,CompFlake,0,0.81,13.21,8.51,6.17,0,,"~14,000-17,000",TerminalLGM
HOR-1,1/3/2023,1056,266,CrystalQuartz,sieve,CompFlake,0,0.44,16.08,9.39,4.01,0,,"~14,000-17,000",TerminalLGM
HOR-1,1/3/2023,1056,267,CrystalQuartz,sieve,CompFlake,0.05,0.47,13.9,12.67,2.93,0.05,,"~14,000-17,000",TerminalLGM
HOR-1,1/3/2023,1056,268,CrystalQuartz,sieve,CompFlake,0.5,0.71,15.72,8.28,5.33,0.5,,"~14,000-17,000",TerminalLGM
HOR-1,1/3/2023,1056,269,CrystalQuartz,sieve,CompFlake,0,0.43,12.78,9.82,3.22,0,,"~14,000-17,000",TerminalLGM
HOR-1,1/3/2023,1056,270,CrystalQuartz,sieve,CompFlake,0,0.16,15.23,5.76,1.94,0,,"~14,000-17,000",TerminalLGM
HOR-1,1/3/2023,1056,271,CrystalQuartz,sieve,CompFlake,0,0.51,15.18,12,2.99,0,,"~14,000-17,000",TerminalLGM
HOR-1,1/3/2023,1056,272,CrystalQuartz,sieve,CompFlake,0.95,0.16,11.63,7.26,2.29,0.95,,"~14,000-17,000",TerminalLGM
HOR-1,1/3/2023,1056,273,CrystalQuartz,sieve,CompFlake,0.05,0.95,11.93,11.46,6.06,0.05,,"~14,000-17,000",TerminalLGM
HOR-1,1/3/2023,1056,274,CrystalQuartz,sieve,CompFlake,0.25,0.29,12.82,5.73,4.38,0.25,,"~14,000-17,000",TerminalLGM
HOR-1,1/3/2023,1056,275,CrystalQuartz,sieve,CompFlake,0.75,0.87,13.03,10.94,5.5,0.75,,"~14,000-17,000",TerminalLGM
HOR-1,9/3/2023,1056,276,CrystalQuartz,sieve,CompFlake,0,1.95,14.13,13.67,11.42,0,,"~14,000-17,000",TerminalLGM
HOR-1,9/3/2023,1056,277,CrystalQuartz,sieve,CompFlake,0,1.13,21.39,12.28,4.56,0,,"~14,000-17,000",TerminalLGM
HOR-1,9/3/2023,1056,278,CrystalQuartz,sieve,CompFlake,0,0.44,11.53,14.98,3.12,0,,"~14,000-17,000",TerminalLGM
HOR-1,10/3/2023,1056,279,CrystalQuartz,sieve,CompFlake,0,0.79,10.68,10.85,5.89,0,,"~14,000-17,000",TerminalLGM
HOR-1,10/3/2023,1056,280,CrystalQuartz,sieve,CompFlake,1,0.79,13.87,13.11,5.62,1,,"~14,000-17,000",TerminalLGM
HOR-1,10/3/2023,1056,281,CrystalQuartz,sieve,CompFlake,0.5,0.52,16.78,9.86,4.05,0.5,,"~14,000-17,000",TerminalLGM
HOR-1,10/3/2023,1056,282,CrystalQuartz,sieve,CompFlake,0.25,0.19,14.34,6.7,3.09,0.25,,"~14,000-17,000",TerminalLGM
HOR-1,10/3/2023,1056,283,CrystalQuartz,sieve,CompFlake,0.25,0.79,15.27,8.32,5.89,0.25,,"~14,000-17,000",TerminalLGM
HOR-1,10/3/2023,1056,284,CrystalQuartz,sieve,CompFlake,0.25,0.55,15.51,7.81,4.36,0.25,,"~14,000-17,000",TerminalLGM
HOR-1,10/3/2023,1056,285,CrystalQuartz,sieve,CompFlake,0,0.35,14.79,6.99,3.48,0,,"~14,000-17,000",TerminalLGM
HOR-1,10/3/2023,1056,286,CrystalQuartz,sieve,CompFlake,0,0.51,19.7,9.87,3.78,0,,"~14,000-17,000",TerminalLGM
HOR-1,10/3/2023,1056,287,CrystalQuartz,sieve,CompFlake,0,0.62,15.38,6.03,5.71,0,,"~14,000-17,000",TerminalLGM
HOR-1,10/3/2023,1056,288,CrystalQuartz,sieve,CompFlake,0.5,0.43,15.65,7.1,4.65,0.5,,"~14,000-17,000",TerminalLGM
HOR-1,21/03/23,1056,290,CrystalQuartz,sieve,CompFlake,0,0.21,12.88,7.09,2.25,0,,"~14,000-17,000",TerminalLGM
HOR-1,21/03/23,1056,291,CrystalQuartz,sieve,CompFlake,0,0.81,17.62,12.57,3.76,0,,"~14,000-17,000",TerminalLGM
HOR-1,21/03/23,1056,292,CrystalQuartz,sieve,CompFlake,0.05,0.43,8.7,15.72,3.48,0.05,,"~14,000-17,000",TerminalLGM
HOR-1,15/05/23,1755,293,CrystalQuartz,sieve,CompFlake,0,2.63,19.78,15.74,7.73,0,,"~14,000-18,000",TerminalLGM
HOR-1,15/05/23,1755,294,CrystalQuartz,sieve,CompFlake,0,0.98,17.21,13.53,3.67,0,,"~14,000-18,000",TerminalLGM
HOR-1,15/05/23,1755,295,CrystalQuartz,sieve,CompFlake,0,0.32,8.56,13.01,3.48,0,,"~14,000-18,000",TerminalLGM
HOR-1,15/05/23,1755,296,CrystalQuartz,sieve,CompFlake,0,0.23,11.41,7.74,2.37,0,,"~14,000-18,000",TerminalLGM
HOR-1,15/05/23,1755,297,CrystalQuartz,sieve,CompFlake,0.25,0.14,14.43,5.54,1.71,0.25,,"~14,000-18,000",TerminalLGM
HOR-1,15/05/23,1755,298,CrystalQuartz,sieve,CompFlake,0,0.48,13.99,10.24,3.89,0,,"~14,000-18,000",TerminalLGM
HOR-1,15/05/23,1755,299,CrystalQuartz,sieve,CompFlake,0,0.17,12.12,6.25,2.77,0,,"~14,000-18,000",TerminalLGM
HOR-1,15/05/23,1755,300,CrystalQuartz,sieve,CompFlake,0,0.17,15.1,6.02,2.26,0,,"~14,000-18,000",TerminalLGM
HOR-1,15/05/23,1755,301,CrystalQuartz,sieve,CompFlake,0,0.22,12.22,6.95,3.26,0,,"~14,000-18,000",TerminalLGM
HOR-1,15/05/23,1740,302,CrystalQuartz,sieve,CompFlake,0,0.19,12.79,8.54,1.59,0,,"~14,000-18,000",TerminalLGM
HOR-1,15/05/23,1740,303,CrystalQuartz,sieve,CompFlake,0,0.11,11.83,6.76,1.4,0,,"~14,000-18,000",TerminalLGM
HOR-1,15/05/23,1740,304,CrystalQuartz,sieve,CompFlake,25,0.78,15.37,10.17,4.98,25,,"~14,000-18,000",TerminalLGM
HOR-1,15/05/23,1740,305,CrystalQuartz,sieve,CompFlake,0,0.19,12.14,12.28,1.82,0,,"~14,000-18,000",TerminalLGM
HOR-1,15/05/23,1740,306,CrystalQuartz,sieve,CompFlake,0,0.64,10.32,14.39,5.29,0,,"~14,000-18,000",TerminalLGM
HOR-1,15/05/23,1740,307,CrystalQuartz,sieve,CompFlake,0,0.28,8.27,14.24,3.28,0,,"~14,000-18,000",TerminalLGM
HOR-1,15/05/23,1740,308,CrystalQuartz,sieve,CompFlake,0,3.67,21.05,16.39,8.11,0,,"~14,000-18,000",TerminalLGM
HOR-1,15/05/23,1740,309,CrystalQuartz,sieve,CompFlake,0,0.11,12.54,4.74,2.77,0,,"~14,000-18,000",TerminalLGM
HOR-1,15/05/23,1740,310,CrystalQuartz,sieve,CompFlake,0.05,0.61,10.44,8.99,6.83,0.05,,"~14,000-18,000",TerminalLGM
HOR-1,15/05/23,1740,311,CrystalQuartz,sieve,CompFlake,0.5,0.27,15.9,8.23,2.38,0.5,,"~14,000-18,000",TerminalLGM
HOR-1,15/05/23,1740,312,CrystalQuartz,sieve,CompFlake,0,0.45,11.39,9.59,3.83,0,,"~14,000-18,000",TerminalLGM
HOR-1,15/05/23,1738,313,CrystalQuartz,sieve,CompFlake,0.25,0.73,16.77,10.51,4.59,0.25,,"~14,000-18,000",TerminalLGM
HOR-1,15/05/23,1738,314,CrystalQuartz,sieve,CompFlake,1,0.33,12.14,9.8,2.76,1,,"~14,000-18,000",TerminalLGM
HOR-1,15/05/23,1738,315,CrystalQuartz,sieve,CompFlake,0,0.38,10.73,12.44,2.83,0,,"~14,000-18,000",TerminalLGM
HOR-1,15/05/23,1738,316,CrystalQuartz,sieve,CompFlake,0.25,1.56,15.26,16.8,7.28,0.25,,"~14,000-18,000",TerminalLGM
HOR-1,15/05/23,1738,317,CrystalQuartz,sieve,CompFlake,0,0.22,15.59,5.66,2.58,0,,"~14,000-18,000",TerminalLGM
HOR-1,15/05/23,1738,319,CrystalQuartz,sieve,CompFlake,0,0.56,14.41,8.1,5,0,,"~14,000-18,000",TerminalLGM
HOR-1,15/05/23,1738,320,CrystalQuartz,sieve,CompFlake,0,0.47,10.09,11.7,4.67,0,,"~14,000-18,000",TerminalLGM
HOR-1,15/05/23,1738,321,CrystalQuartz,sieve,CompFlake,0.25,0.74,8.5,12.05,6.71,0.25,,"~14,000-18,000",TerminalLGM
HOR-1,21/03/23,1056,289,VeinQuartz,sieve,CompFlake,0,0.61,11.52,11.78,4.03,0,,"~14,000-17,000",TerminalLGM
HOR-1,15/05/23,1738,318,VeinQuartz,sieve,CompFlake,0.5,0.91,16.02,8.47,5.5,0.5,,"~14,000-18,000",TerminalLGM
HOR-1,17/01/23,742,20313,CrystalQuartz,plottedfind,CompFlake,0,0.73,12.02,10.23,4.24,0,,"~9,500-14,000",TerminalPleistocene
HOR-1,18/01/23,742,20316,CrystalQuartz,plottedfind,CompFlake,0,0.34,11.63,8.73,3.17,0,,"~9,500-14,000",TerminalPleistocene
HOR-1,16/01/23,742,20318,CrystalQuartz,plottedfind,CompFlake,0,1.18,14.72,15.57,5.77,0,,"~9,500-14,000",TerminalPleistocene
HOR-1,17/01/23,742,20909,CrystalQuartz,plottedfind,CompFlake,0,0.74,15.91,12.81,4.26,0,,"~9,500-14,000",TerminalPleistocene
HOR-1,16/01/23,742,20915,CrystalQuartz,plottedfind,CompFlake,0,1.46,16.24,15.48,7.82,0,,"~9,500-14,000",TerminalPleistocene
HOR-1,17/01/23,742,20917,CrystalQuartz,plottedfind,CompFlake,0,0.46,14.64,11.93,3.16,0,,"~9,500-14,000",TerminalPleistocene
HOR-1,17/01/23,742,20920,CrystalQuartz,plottedfind,CompFlake,0.25,0.54,11.86,14.29,4.38,0.25,,"~9,500-14,000",TerminalPleistocene
HOR-1,17/01/23,742,20921,CrystalQuartz,plottedfind,CompFlake,0.5,0.65,10.88,11.2,5.65,0.5,,"~9,500-14,000",TerminalPleistocene
HOR-1,16/01/23,742,20922,CrystalQuartz,plottedfind,CompFlake,0.25,5.02,30.3,18.67,10.57,0.25,,"~9,500-14,000",TerminalPleistocene
HOR-1,16/01/23,742,20925,CrystalQuartz,plottedfind,CompFlake,0,2.36,20.43,23.16,8.63,0,,"~9,500-14,000",TerminalPleistocene
HOR-1,17/01/23,742,20926,CrystalQuartz,plottedfind,CompFlake,0,0.7,11.46,14.93,4.11,0,,"~9,500-14,000",TerminalPleistocene
HOR-1,17/01/23,742,20982,CrystalQuartz,plottedfind,CompFlake,0.05,0.77,16.88,9.88,4.3,0.05,,"~9,500-14,000",TerminalPleistocene
HOR-1,16/01/23,742,20983,CrystalQuartz,plottedfind,CompFlake,0,0.87,8.85,17.45,4.92,0,,"~9,500-14,000",TerminalPleistocene
HOR-1,16/01/23,742,20985,CrystalQuartz,plottedfind,CompFlake,0.25,1.85,22.93,18.92,5.31,0.25,,"~9,500-14,000",TerminalPleistocene
HOR-1,16/01/23,742,20988,CrystalQuartz,plottedfind,CompFlake,0.05,0.47,16.61,8.12,4.2,0.05,,"~9,500-14,000",TerminalPleistocene
HOR-1,13/01/23,757,22489,CrystalQuartz,plottedfind,CompFlake,0.25,2.4,23.54,13.91,8.06,0.25,,"~9,500-14,000",TerminalPleistocene
HOR-1,13/01/23,757,22490,CrystalQuartz,plottedfind,CompFlake,0,3.2,21.76,12.63,12.42,0,,"~9,500-14,000",TerminalPleistocene
HOR-1,13/01/23,757,22491,CrystalQuartz,plottedfind,CompFlake,0.5,5.48,24.52,17.19,11.37,0.5,,"~9,500-14,000",TerminalPleistocene
HOR-1,13/01/23,757,22492,CrystalQuartz,plottedfind,CompFlake,0.25,3,28.48,14.91,9.63,0.25,,"~9,500-14,000",TerminalPleistocene
HOR-1,13/01/23,757,22494,CrystalQuartz,plottedfind,CompFlake,0,7.88,19.37,36.38,10.73,0,,"~9,500-14,000",TerminalPleistocene
HOR-1,19/01/23,881,23221,CrystalQuartz,plottedfind,CompFlake,0,0.94,19.15,11.73,4.58,0,,"~9,500-14,000",TerminalPleistocene
HOR-1,18/01/23,881,23222,CrystalQuartz,plottedfind,CompFlake,0,1.85,20.55,19.62,4.54,0,,"~9,500-14,000",TerminalPleistocene
HOR-1,19/01/23,778,23590,CrystalQuartz,plottedfind,CompFlake,0,0.71,14,7.21,6.47,0,,"~9,500-14,000",TerminalPleistocene
HOR-1,19/01/23,778,23591,CrystalQuartz,plottedfind,CompFlake,0,2.32,27.01,13.21,7.87,0,,"~9,500-14,000",TerminalPleistocene
HOR-1,18/01/23,881,23701,CrystalQuartz,plottedfind,RetouchedPiece,0.75,1.52,17.23,13.21,7.21,0.75,edge is naturally backed (no retouch scars),"~9,500-14,000",TerminalPleistocene
HOR-1,18/01/23,881,23702,CrystalQuartz,plottedfind,CompFlake,1,1.34,15.78,22.36,4.5,1,,"~9,500-14,000",TerminalPleistocene
HOR-1,18/01/23,881,23703,CrystalQuartz,plottedfind,CompFlake,0.25,23.4,43.67,46.91,10.18,0.25,,"~9,500-14,000",TerminalPleistocene
HOR-1,19/01/23,881,23718,CrystalQuartz,plottedfind,CompFlake,0,1.13,17.19,13.38,4.86,0,,"~9,500-14,000",TerminalPleistocene
HOR-1,18/01/23,881,23726,CrystalQuartz,plottedfind,CompFlake,0,8.08,28.17,21.89,14.23,0,,"~9,500-14,000",TerminalPleistocene
HOR-1,18/01/23,881,23728,CrystalQuartz,plottedfind,CompFlake,0,1.65,14.47,17.42,7.18,0,,"~9,500-14,000",TerminalPleistocene
HOR-1,19/01/23,778,24191,CrystalQuartz,plottedfind,CompFlake,0.75,1.16,13.36,10,6.34,0.75,,"~9,500-14,000",TerminalPleistocene
HOR-1,19/01/23,778,24207,CrystalQuartz,plottedfind,CompFlake,0.25,3.13,21.73,18.3,8.22,0.25,,"~9,500-14,000",TerminalPleistocene
HOR-1,19/01/23,778,24236,CrystalQuartz,plottedfind,CompFlake,0,1.32,16.13,12.76,5.87,0,,"~9,500-14,000",TerminalPleistocene
HOR-1,19/01/23,778,24237,CrystalQuartz,plottedfind,CompFlake,0,0.44,15.61,15.26,3,0,,"~9,500-14,000",TerminalPleistocene
HOR-1,19/01/23,778,24238,CrystalQuartz,plottedfind,CompFlake,0,0.58,15.65,10.83,3.74,0,,"~9,500-14,000",TerminalPleistocene
HOR-1,13/01/23,1086,25199,CrystalQuartz,plottedfind,CompFlake,0.75,1.45,20.35,13.41,4.97,0.75,,"~9,500-14,000",TerminalPleistocene
HOR-1,13/01/23,1086,25200,CrystalQuartz,plottedfind,CompFlake,0,0.85,16.13,8.16,5.67,0,,"~9,500-14,000",TerminalPleistocene
HOR-1,13/01/23,1086,25201,CrystalQuartz,plottedfind,CompFlake,0,3.96,20.83,20.64,8.87,0,,"~9,500-14,000",TerminalPleistocene
HOR-1,13/01/23,1086,25203,CrystalQuartz,plottedfind,CompFlake,0,3.99,16.94,17.75,11.18,0,,"~9,500-14,000",TerminalPleistocene
HOR-1,19/01/23,1104,25666,CrystalQuartz,plottedfind,CompFlake,0.05,4.32,39.21,19.01,6.24,0.05,,"~9,500-14,000",TerminalPleistocene
HOR-1,19/01/23,1104,25667,CrystalQuartz,plottedfind,CompFlake,0,2.26,20.3,22.91,4.55,0,,"~9,500-14,000",TerminalPleistocene
HOR-1,15/01/23,1095,27038,CrystalQuartz,plottedfind,CompFlake,0,1.93,16.97,19.45,5.66,0,,"~9,500-14,000",TerminalPleistocene
HOR-1,15/01/23,1095,27384,CrystalQuartz,plottedfind,CompFlake,0.25,2.33,19.41,14,11.16,0.25,,"~9,500-14,000",TerminalPleistocene
HOR-1,19/01/23,1104,27483,CrystalQuartz,plottedfind,CompFlake,0.25,3.72,15.03,17.07,14.09,0.25,,"~9,500-14,000",TerminalPleistocene
HOR-1,12/1/2023,1086,27657,CrystalQuartz,plottedfind,CompFlake,0,2.28,20.03,19.33,5.93,0,,"~9,500-14,000",TerminalPleistocene
HOR-1,13/01/23,1086,27658,CrystalQuartz,plottedfind,CompFlake,0,5.21,28.34,17.48,11.36,0,,"~9,500-14,000",TerminalPleistocene
HOR-1,13/01/23,1086,27659,CrystalQuartz,plottedfind,CompFlake,0,2.59,20.54,21.34,7.12,0,,"~9,500-14,000",TerminalPleistocene
HOR-1,13/01/23,1086,27664,CrystalQuartz,plottedfind,CompFlake,0,0.66,16.99,12.6,3.64,0,,"~9,500-14,000",TerminalPleistocene
HOR-1,13/01/23,1086,27667,CrystalQuartz,plottedfind,CompFlake,0.25,1.31,22.5,22.57,2.94,0.25,,"~9,500-14,000",TerminalPleistocene
HOR-1,13/01/23,1086,27668,CrystalQuartz,plottedfind,CompFlake,0,0.86,16.06,11.98,4.24,0,,"~9,500-14,000",TerminalPleistocene
HOR-1,13/01/23,1086,27671,CrystalQuartz,plottedfind,CompFlake,0,1.7,23.83,12.86,7.62,0,,"~9,500-14,000",TerminalPleistocene
HOR-1,13/01/23,1086,27675,CrystalQuartz,plottedfind,CompFlake,0.25,1.3,19.73,10.93,6.79,0.25,,"~9,500-14,000",TerminalPleistocene
HOR-1,12/1/2023,1086,27677,CrystalQuartz,plottedfind,CompFlake,0,1.02,14.94,12.96,5.12,0,,"~9,500-14,000",TerminalPleistocene
HOR-1,13/01/23,1086,27680,CrystalQuartz,plottedfind,CompFlake,0.25,2.32,34.75,7.28,10.92,0.25,,"~9,500-14,000",TerminalPleistocene
HOR-1,13/01/23,1095,27806,CrystalQuartz,plottedfind,CompFlake,0,3.02,19.13,16.61,9.32,0,,"~9,500-14,000",TerminalPleistocene
HOR-1,13/01/23,1095,27811,CrystalQuartz,plottedfind,CompFlake,0.25,3.11,21.98,18.77,8.08,0.25,,"~9,500-14,000",TerminalPleistocene
HOR-1,15/01/23,1095,27822,CrystalQuartz,plottedfind,CompFlake,0.25,2.89,16.58,14.46,11.27,0.25,,"~9,500-14,000",TerminalPleistocene
HOR-1,13/01/23,1086,27900,CrystalQuartz,plottedfind,CompFlake,0.25,2.8,24.14,15.74,7.09,0.25,,"~9,500-14,000",TerminalPleistocene
HOR-1,13/01/23,1095,27905,CrystalQuartz,plottedfind,CompFlake,0.05,17.12,37.06,43.36,10.94,0.05,,"~9,500-14,000",TerminalPleistocene
HOR-1,13/01/23,1095,27906,CrystalQuartz,plottedfind,CompFlake,0,4.71,18.92,33.15,7.43,0,,"~9,500-14,000",TerminalPleistocene
HOR-1,15/01/23,1095,27943,CrystalQuartz,plottedfind,CompFlake,0,1.88,14.66,13.3,8.06,0,,"~9,500-14,000",TerminalPleistocene
HOR-1,15/01/23,1095,27946,CrystalQuartz,plottedfind,CompFlake,0,2.81,26.8,19.63,6.51,0,,"~9,500-14,000",TerminalPleistocene
HOR-1,19/01/23,1104,28135,CrystalQuartz,plottedfind,CompFlake,0.25,7.72,19.48,29.34,11.21,0.25,,"~9,500-14,000",TerminalPleistocene
HOR-1,19/01/23,1104,28136,CrystalQuartz,plottedfind,CompFlake,0,1.23,20.78,12.5,4.01,0,,"~9,500-14,000",TerminalPleistocene
HOR-1,19/01/23,1104,28137,CrystalQuartz,plottedfind,CompFlake,0.25,1.6,21.78,14.09,4.63,0.25,,"~9,500-14,000",TerminalPleistocene
HOR-1,19/01/23,1104,28140,CrystalQuartz,plottedfind,CompFlake,0,1.8,18.09,14.6,7.07,0,,"~9,500-14,000",TerminalPleistocene
HOR-1,19/01/23,1104,28168,CrystalQuartz,plottedfind,CompFlake,0,10.53,39.39,19.53,11.47,0,,"~9,500-14,000",TerminalPleistocene
HOR-1,19/01/23,1104,28172,CrystalQuartz,plottedfind,CompFlake,0,3.36,25.83,17.25,6.04,0,,"~9,500-14,000",TerminalPleistocene
HOR-1,19/01/23,1104,28174,CrystalQuartz,plottedfind,CompFlake,0,5.35,20.88,26.37,10.35,0,,"~9,500-14,000",TerminalPleistocene
HOR-1,19/01/23,1104,28177,CrystalQuartz,plottedfind,CompFlake,0,2.13,24.63,12.61,6.03,0,,"~9,500-14,000",TerminalPleistocene
HOR-1,16/01/23,742,20912,VeinQuartz,plottedfind,CompFlake,0,4.95,27.05,29.19,9.18,0,,"~9,500-14,000",TerminalPleistocene
HOR-1,16/01/23,742,20914,VeinQuartz,plottedfind,CompFlake,0.5,3.17,23.18,17.42,8.03,0.5,,"~9,500-14,000",TerminalPleistocene
HOR-1,17/01/23,742,20919,VeinQuartz,plottedfind,CompFlake,0,1.17,13.75,6.5,9.37,0,,"~9,500-14,000",TerminalPleistocene
HOR-1,16/01/23,742,20973,VeinQuartz,plottedfind,CompFlake,0,2.55,16,25.26,7.37,0,,"~9,500-14,000",TerminalPleistocene
HOR-1,13/01/23,757,22488,VeinQuartz,plottedfind,CompFlake,0,1.89,24.22,12.41,7.86,0,,"~9,500-14,000",TerminalPleistocene
HOR-1,19/01/23,778,24189,VeinQuartz,plottedfind,CompFlake,0,4.73,27.01,18.76,7.81,0,,"~9,500-14,000",TerminalPleistocene
HOR-1,19/01/23,778,24190,VeinQuartz,plottedfind,CompFlake,0.25,10.86,41.79,22.6,11.67,0.25,,"~9,500-14,000",TerminalPleistocene
HOR-1,13/01/23,1086,25205,VeinQuartz,plottedfind,CompFlake,0.25,28.68,35.51,46.96,15.51,0.25,,"~9,500-14,000",TerminalPleistocene
HOR-1,19/01/23,1104,27487,VeinQuartz,plottedfind,CompFlake,0.75,7.28,27.76,18.32,11.86,0.75,,"~9,500-14,000",TerminalPleistocene
HOR-1,13/01/23,1086,27663,VeinQuartz,plottedfind,CompFlake,1,4.4,17.91,24,8.93,1,,"~9,500-14,000",TerminalPleistocene
HOR-1,13/01/23,1086,27670,VeinQuartz,plottedfind,CompFlake,0,1.72,12.26,19.29,7.34,0,,"~9,500-14,000",TerminalPleistocene
HOR-1,13/01/23,1086,27674,VeinQuartz,plottedfind,CompFlake,0,1.96,18.73,12.02,6.4,0,,"~9,500-14,000",TerminalPleistocene
HOR-1,15/01/23,1095,27944,VeinQuartz,plottedfind,CompFlake,0.25,4.78,25.97,17.16,11.5,0.25,,"~9,500-14,000",TerminalPleistocene
HOR-1,13/01/23,1095,27947,VeinQuartz,plottedfind,CompFlake,0,1.81,25.59,19.94,2.83,0,,"~9,500-14,000",TerminalPleistocene
HOR-1,19/01/23,1104,29328,VeinQuartz,plottedfind,CompFlake,0,4.58,21.75,26.57,7.85,0,,"~9,500-14,000",TerminalPleistocene
